{"0": {"eval_accuracy": 0.923, "eval_micro_precision": 0.9482758620689655, "eval_micro_recall": 0.1527777777777778, "eval_micro_f1": 0.2631578947368421, "eval_macro_precision": 0.1260517006802721, "eval_macro_recall": 0.05784223247637881, "eval_macro_f1": 0.07532977732622131, "eval_runtime": 8.393, "eval_samples_per_second": 95.318, "eval_steps_per_second": 23.829, "epoch": 1.0}, "1": {"eval_accuracy": 0.9286666666666666, "eval_micro_precision": 0.9518518518518518, "eval_micro_recall": 0.23363636363636364, "eval_micro_f1": 0.3751824817518248, "eval_macro_precision": 0.19125822686798297, "eval_macro_recall": 0.08367977062948512, "eval_macro_f1": 0.11027331841285329, "eval_runtime": 9.458, "eval_samples_per_second": 84.584, "eval_steps_per_second": 21.146, "epoch": 1.0}}