{"('Health', 'Justice/Crime')": 0.05384615384615385, "('Health', 'Macroeconomics/Economic Regulation')": 0.07692307692307693, "('Justice/Crime', 'Health')": 0.019746121297602257, "('Justice/Crime', 'Macroeconomics/Economic Regulation')": 0.018335684062059238, "('Macroeconomics/Economic Regulation', 'Health')": 0.0641025641025641, "('Macroeconomics/Economic Regulation', 'Justice/Crime')": 0.041666666666666664, "('Justice/Crime', 'Labor/Employment')": 0.015514809590973202, "('Labor/Employment', 'Justice/Crime')": 0.088, "('Environment', 'Justice/Crime')": 0.06944444444444445, "('Justice/Crime', 'Environment')": 0.007052186177715092, "('Justice/Crime', 'War/Terror')": 0.07193229901269393, "('War/Terror', 'Justice/Crime')": 0.04271356783919598, "('Government/Public', 'Justice/Crime')": 0.1046133853151397, "('Justice/Crime', 'Government/Public')": 0.22708039492242596, "('Government/Public', 'War/Terror')": 0.10721247563352826, "('War/Terror', 'Government/Public')": 0.13819095477386933, "('Education', 'Health')": 0.07894736842105263, "('Health', 'Education')": 0.023076923076923078, "('Government/Public', 'Immigration/Integration')": 0.057829759584145546, "('Immigration/Integration', 'Government/Public')": 0.3755274261603376, "('Immigration/Integration', 'Justice/Crime')": 0.08860759493670886, "('Justice/Crime', 'Immigration/Integration')": 0.029619181946403384, "('Conspiracy Theory', 'Media/Journalism')": 0.08361204013377926, "('Media/Journalism', 'Conspiracy Theory')": 0.10775862068965517, "('Conspiracy Theory', 'Justice/Crime')": 0.10367892976588629, "('Conspiracy Theory', 'War/Terror')": 0.5518394648829431, "('Justice/Crime', 'Conspiracy Theory')": 0.04372355430183357, "('War/Terror', 'Conspiracy Theory')": 0.13819095477386933, "('Government/Public', 'Health')": 0.05847953216374269, "('Health', 'Government/Public')": 0.34615384615384615, "('Government/Public', 'Macroeconomics/Economic Regulation')": 0.08641975308641975, "('Macroeconomics/Economic Regulation', 'Government/Public')": 0.42628205128205127, "('Election Campaign', 'Government/Public')": 0.4879518072289157, "('Government/Public', 'Election Campaign')": 0.05263157894736842, "('Health', 'War/Terror')": 0.20384615384615384, "('War/Terror', 'Health')": 0.04438860971524288, "('Conspiracy Theory', 'Health')": 0.033444816053511704, "('Conspiracy Theory', 'Immigration/Integration')": 0.12374581939799331, "('Health', 'Conspiracy Theory')": 0.038461538461538464, "('Health', 'Immigration/Integration')": 0.1, "('Immigration/Integration', 'Conspiracy Theory')": 0.15611814345991562, "('Immigration/Integration', 'Health')": 0.10970464135021098, "('Immigration/Integration', 'War/Terror')": 0.3628691983122363, "('War/Terror', 'Immigration/Integration')": 0.07202680067001675, "('Election Campaign', 'Health')": 0.012048192771084338, "('Health', 'Election Campaign')": 0.007692307692307693, "('Government/Public', 'Media/Journalism')": 0.057829759584145546, "('Macroeconomics/Economic Regulation', 'Media/Journalism')": 0.04807692307692308, "('Macroeconomics/Economic Regulation', 'War/Terror')": 0.11217948717948718, "('Media/Journalism', 'Government/Public')": 0.38362068965517243, "('Media/Journalism', 'Macroeconomics/Economic Regulation')": 0.06465517241379311, "('Media/Journalism', 'War/Terror')": 0.15086206896551724, "('War/Terror', 'Macroeconomics/Economic Regulation')": 0.02931323283082077, "('War/Terror', 'Media/Journalism')": 0.02931323283082077, "('Conspiracy Theory', 'Government/Public')": 0.34448160535117056, "('Government/Public', 'Conspiracy Theory')": 0.06692657569850552, "('Justice/Crime', 'Others')": 0.005641748942172073, "('Others', 'Justice/Crime')": 0.0030120481927710845, "('Education', 'War/Terror')": 0.15789473684210525, "('War/Terror', 'Education')": 0.010050251256281407, "('Education', 'Government/Public')": 0.4342105263157895, "('Government/Public', 'Education')": 0.021442495126705652, "('War/Terror', 'Others')": 0.0041876046901172526, "('Others', 'War/Terror')": 0.0037650602409638554, "('Government/Public', 'Science/Technology')": 0.009746588693957114, "('Science/Technology', 'Government/Public')": 0.23076923076923078, "('Conspiracy Theory', 'Macroeconomics/Economic Regulation')": 0.046822742474916385, "('Macroeconomics/Economic Regulation', 'Conspiracy Theory')": 0.04487179487179487, "('Government/Public', 'Labor/Employment')": 0.02794022092267706, "('Labor/Employment', 'Government/Public')": 0.344, "('Environment', 'Government/Public')": 0.2638888888888889, "('Government/Public', 'Environment')": 0.012345679012345678, "('Conspiracy Theory', 'Labor/Employment')": 0.016722408026755852, "('Labor/Employment', 'Conspiracy Theory')": 0.04, "('Labor/Employment', 'Macroeconomics/Economic Regulation')": 0.184, "('Macroeconomics/Economic Regulation', 'Labor/Employment')": 0.07371794871794872, "('Environment', 'Health')": 0.19444444444444445, "('Health', 'Environment')": 0.05384615384615385, "('Education', 'Media/Journalism')": 0.039473684210526314, "('Media/Journalism', 'Education')": 0.01293103448275862, "('Macroeconomics/Economic Regulation', 'Science/Technology')": 0.016025641025641024, "('Science/Technology', 'Macroeconomics/Economic Regulation')": 0.07692307692307693, "('Environment', 'War/Terror')": 0.06944444444444445, "('War/Terror', 'Environment')": 0.0041876046901172526, "('Environment', 'Media/Journalism')": 0.05555555555555555, "('Media/Journalism', 'Environment')": 0.017241379310344827, "('Election Campaign', 'Justice/Crime')": 0.09036144578313253, "('Justice/Crime', 'Election Campaign')": 0.021156558533145273, "('Justice/Crime', 'Media/Journalism')": 0.019746121297602257, "('Media/Journalism', 'Justice/Crime')": 0.0603448275862069, "('Government/Public', 'Religion')": 0.015594541910331383, "('Immigration/Integration', 'Religion')": 0.03375527426160337, "('Religion', 'Government/Public')": 0.2926829268292683, "('Religion', 'Immigration/Integration')": 0.0975609756097561, "('Election Campaign', 'Immigration/Integration')": 0.006024096385542169, "('Immigration/Integration', 'Election Campaign')": 0.004219409282700422, "('Immigration/Integration', 'Media/Journalism')": 0.016877637130801686, "('Media/Journalism', 'Immigration/Integration')": 0.017241379310344827, "('Health', 'Media/Journalism')": 0.04230769230769231, "('Media/Journalism', 'Health')": 0.04741379310344827, "('Conspiracy Theory', 'Election Campaign')": 0.05016722408026756, "('Election Campaign', 'Conspiracy Theory')": 0.09036144578313253, "('Election Campaign', 'Labor/Employment')": 0.018072289156626505, "('Election Campaign', 'War/Terror')": 0.018072289156626505, "('Labor/Employment', 'Election Campaign')": 0.024, "('Labor/Employment', 'War/Terror')": 0.12, "('War/Terror', 'Election Campaign')": 0.002512562814070352, "('War/Terror', 'Labor/Employment')": 0.01256281407035176, "('Health', 'Labor/Employment')": 0.011538461538461539, "('Labor/Employment', 'Health')": 0.024, "('Labor/Employment', 'Media/Journalism')": 0.032, "('Media/Journalism', 'Labor/Employment')": 0.017241379310344827, "('Conspiracy Theory', 'Education')": 0.010033444816053512, "('Education', 'Conspiracy Theory')": 0.039473684210526314, "('Education', 'Labor/Employment')": 0.07894736842105263, "('Education', 'Macroeconomics/Economic Regulation')": 0.013157894736842105, "('Labor/Employment', 'Education')": 0.048, "('Macroeconomics/Economic Regulation', 'Education')": 0.003205128205128205, "('Election Campaign', 'Macroeconomics/Economic Regulation')": 0.04819277108433735, "('Election Campaign', 'Media/Journalism')": 0.04819277108433735, "('Macroeconomics/Economic Regulation', 'Election Campaign')": 0.02564102564102564, "('Media/Journalism', 'Election Campaign')": 0.034482758620689655, "('Education', 'Election Campaign')": 0.013157894736842105, "('Election Campaign', 'Education')": 0.006024096385542169, "('Education', 'Justice/Crime')": 0.07894736842105263, "('Justice/Crime', 'Education')": 0.00846262341325811, "('Health', 'Others')": 0.007692307692307693,