{"1": {"valid": {"eval_loss": 0.17265647649765015, "eval_accuracy": 0.96125, "eval_micro_precision": 0.7981220657276995, "eval_micro_recall": 0.7727272727272727, "eval_micro_f1": 0.7852193995381062, "eval_macro_precision": 0.7974055319833887, "eval_macro_recall": 0.6665752404152617, "eval_macro_f1": 0.7103515718444409, "eval_runtime": 7.606, "eval_samples_per_second": 105.18, "eval_steps_per_second": 26.295, "epoch": 11.5}, "test": {"eval_loss": 0.15914268791675568, "eval_accuracy": 0.9639333333333333, "eval_micro_precision": 0.8001579778830964, "eval_micro_recall": 0.7786318216756342, "eval_micro_f1": 0.7892481495909623, "eval_macro_precision": 0.7336425624962674, "eval_macro_recall": 0.650342057230798, "eval_macro_f1": 0.6832212188868307, "eval_runtime": 9.249, "eval_samples_per_second": 108.12, "eval_steps_per_second": 27.03, "epoch": 11.5}}}