{"0": {"eval_accuracy": 0.93525, "eval_micro_precision": 0.904, "eval_micro_recall": 0.3138888888888889, "eval_micro_f1": 0.46597938144329887, "eval_macro_precision": 0.180999740999741, "eval_macro_recall": 0.10828929975271438, "eval_macro_f1": 0.13469517853680155, "eval_runtime": 9.03, "eval_samples_per_second": 88.594, "eval_steps_per_second": 22.148, "epoch": 1.0}, "1": {"eval_accuracy": 0.9286666666666666, "eval_micro_precision": 0.9518518518518518, "eval_micro_recall": 0.23363636363636364, "eval_micro_f1": 0.3751824817518248, "eval_macro_precision": 0.19125822686798297, "eval_macro_recall": 0.08367977062948512, "eval_macro_f1": 0.11027331841285329, "eval_runtime": 9.624, "eval_samples_per_second": 83.125, "eval_steps_per_second": 20.781, "epoch": 1.0}}