{"0": {"valid": {"eval_accuracy": 0.8720833333333333, "eval_micro_precision": 0.0, "eval_micro_recall": 0.0, "eval_micro_f1": 0.0, "eval_macro_precision": 0.0, "eval_macro_recall": 0.0, "eval_macro_f1": 0.0, "eval_runtime": 8.848, "eval_samples_per_second": 90.416, "eval_steps_per_second": 22.604, "epoch": 10.0}, "test": {"eval_accuracy": 0.8743333333333333, "eval_micro_precision": 0.0, "eval_micro_recall": 0.0, "eval_micro_f1": 0.0, "eval_macro_precision": 0.0, "eval_macro_recall": 0.0, "eval_macro_f1": 0.0, "eval_runtime": 15.8067, "eval_samples_per_second": 63.264, "eval_steps_per_second": 15.816, "epoch": 10.0}}, "1": {"valid": {"eval_accuracy": 0.80775, "eval_micro_precision": 0.9, "eval_micro_recall": 0.011583011583011582, "eval_micro_f1": 0.02287166454891995, "eval_macro_precision": 0.18, "eval_macro_recall": 0.010112359550561797, "eval_macro_f1": 0.019148936170212766, "eval_runtime": 9.4903, "eval_samples_per_second": 84.296, "eval_steps_per_second": 21.074, "epoch": 10.0}, "test": {"eval_accuracy": 0.81, "eval_micro_precision": 0.8947368421052632, "eval_micro_recall": 0.017616580310880828, "eval_micro_f1": 0.03455284552845528, "eval_macro_precision": 0.17894736842105263, "eval_macro_recall": 0.013333333333333332, "eval_macro_f1": 0.024817518248175182, "eval_runtime": 15.831, "eval_samples_per_second": 63.167, "eval_steps_per_second": 15.792, "epoch": 10.0}}, "2": {"valid": {"eval_accuracy": 0.79575, "eval_micro_precision": 1.0, "eval_micro_recall": 0.0012224938875305623, "eval_micro_f1": 0.002442002442002442, "eval_macro_precision": 0.2, "eval_macro_recall": 0.0009478672985781991, "eval_macro_f1": 0.001886792452830189, "eval_runtime": 7.509, "eval_samples_per_second": 106.539, "eval_steps_per_second": 26.635, "epoch": 10.0}, "test": {"eval_accuracy": 0.8012, "eval_micro_precision": 1.0, "eval_micro_recall": 0.005005005005005005, "eval_micro_f1": 0.0099601593625498, "eval_macro_precision": 0.2, "eval_macro_recall": 0.0036900369003690036, "eval_macro_f1": 0.007246376811594203, "eval_runtime": 16.057, "eval_samples_per_second": 62.278, "eval_steps_per_second": 15.57, "epoch": 10.0}}, "3": {"valid": {"eval_accuracy": 0.8542857142857143, "eval_micro_precision": 0.5957446808510638, "eval_micro_recall": 0.0671462829736211, "eval_micro_f1": 0.12068965517241378, "eval_macro_precision": 0.3104956268221574, "eval_macro_recall": 0.05289108462255931, "eval_macro_f1": 0.08050446627350132, "eval_runtime": 10.698, "eval_samples_per_second": 74.78, "eval_steps_per_second": 18.695, "epoch": 10.0}, "test": {"eval_accuracy": 0.8542857142857143, "eval_micro_precision": 0.5925925925925926, "eval_micro_recall": 0.07655502392344497, "eval_micro_f1": 0.13559322033898305, "eval_macro_precision": 0.29876649454962706, "eval_macro_recall": 0.05261624891290317, "eval_macro_f1": 0.08049834684217251, "eval_runtime": 16.305, "eval_samples_per_second": 61.331, "eval_steps_per_second": 15.333, "epoch": 10.0}}, "4": {"valid": {"eval_accuracy": 0.85375, "eval_micro_precision": 0.0, "eval_micro_recall": 0.0, "eval_micro_f1": 0.0, "eval_macro_precision": 0.0, "eval_macro_recall": 0.0, "eval_macro_f1": 0.0, "eval_runtime": 7.7531, "eval_samples_per_second": 103.184, "eval_steps_per_second": 25.796, "epoch": 10.0}, "test": {"eval_accuracy": 0.85875, "eval_micro_precision": 0.0, "eval_micro_recall": 0.0, "eval_micro_f1": 0.0, "eval_macro_precision": 0.0, "eval_macro_recall": 0.0, "eval_macro_f1": 0.0, "eval_runtime": 15.961, "eval_samples_per_second": 62.653, "eval_steps_per_second": 15.663, "epoch": 10.0}}}