{"0": {"valid": {"eval_loss": 0.11326826363801956, "eval_accuracy": 0.0, "eval_micro_precision": 0.8222222222222222, "eval_micro_recall": 0.787962962962963, "eval_micro_f1": 0.8047281323877069, "eval_macro_precision": 0.8075903115503233, "eval_macro_recall": 0.6811289361445216, "eval_macro_f1": 0.7292949262501502, "eval_runtime": 3.3007, "eval_samples_per_second": 242.369, "eval_steps_per_second": 60.592, "epoch": 6.5}, "test": {"eval_loss": 0.1270672231912613, "eval_accuracy": 0.0, "eval_micro_precision": 0.7896857373086221, "eval_micro_recall": 0.7532667179093006, "eval_micro_f1": 0.7710464201416208, "eval_macro_precision": 0.7110447004647127, "eval_macro_recall": 0.6201853717834808, "eval_macro_f1": 0.652997334723666, "eval_runtime": 4.1595, "eval_samples_per_second": 240.412, "eval_steps_per_second": 60.103, "epoch": 6.5}}, "1": {"valid": {"eval_loss": 0.16404756903648376, "eval_accuracy": 0.0, "eval_micro_precision": 0.7983348751156337, "eval_micro_recall": 0.7845454545454545, "eval_micro_f1": 0.79138010087116, "eval_macro_precision": 0.7881869247317483, "eval_macro_recall": 0.7164672124421629, "eval_macro_f1": 0.7301298287669422, "eval_runtime": 3.5065, "eval_samples_per_second": 228.145, "eval_steps_per_second": 57.036, "epoch": 10.5}, "test": {"eval_loss": 0.16002853214740753, "eval_accuracy": 0.0, "eval_micro_precision": 0.7866563227307991, "eval_micro_recall": 0.7794004611837049, "eval_micro_f1": 0.783011583011583, "eval_macro_precision": 0.6954616069428312, "eval_macro_recall": 0.6961668735534545, "eval_macro_f1": 0.6932060211178417, "eval_runtime": 4.4032, "eval_samples_per_second": 227.108, "eval_steps_per_second": 56.777, "epoch": 10.5}}, "2": {"valid": {"eval_loss": 0.12179407477378845, "eval_accuracy": 0.0, "eval_micro_precision": 0.8249754178957719, "eval_micro_recall": 0.7855805243445693, "eval_micro_f1": 0.8047961630695445, "eval_macro_precision": 0.7748068856807855, "eval_macro_recall": 0.6632216586746769, "eval_macro_f1": 0.6998776824624626, "eval_runtime": 4.274, "eval_samples_per_second": 187.18, "eval_steps_per_second": 46.795, "epoch": 7.5}, "test": {"eval_loss": 0.1287330687046051, "eval_accuracy": 0.0, "eval_micro_precision": 0.8065040650406504, "eval_micro_recall": 0.7624903920061491, "eval_micro_f1": 0.7838798893717898, "eval_macro_precision": 0.711228796308453, "eval_macro_recall": 0.6511925356078039, "eval_macro_f1": 0.6755324267609144, "eval_runtime": 5.3935, "eval_samples_per_second": 185.409, "eval_steps_per_second": 46.352, "epoch": 7.5}}, "3": {"valid": {"eval_loss": 0.12370048463344574, "eval_accuracy": 0.0, "eval_micro_precision": 0.8284883720930233, "eval_micro_recall": 0.7931354359925789, "eval_micro_f1": 0.8104265402843602, "eval_macro_precision": 0.8215946901820065, "eval_macro_recall": 0.6632714453786982, "eval_macro_f1": 0.704930337783883, "eval_runtime": 4.5418, "eval_samples_per_second": 176.142, "eval_steps_per_second": 44.036, "epoch": 7.5}, "test": {"eval_loss": 0.14122268557548523, "eval_accuracy": 0.0, "eval_micro_precision": 0.7873338545738858, "eval_micro_recall": 0.7740199846272099, "eval_micro_f1": 0.7806201550387597, "eval_macro_precision": 0.7383508352648425, "eval_macro_recall": 0.6718341805254566, "eval_macro_f1": 0.6891971922318635, "eval_runtime": 5.6094, "eval_samples_per_second": 178.271, "eval_steps_per_second": 44.568, "epoch": 7.5}}, "4": {"valid": {"eval_loss": 0.11454059928655624, "eval_accuracy": 0.0, "eval_micro_precision": 0.8083252662149081, "eval_micro_recall": 0.7811038353601497, "eval_micro_f1": 0.7944814462416747, "eval_macro_precision": 0.7383676699084111, "eval_macro_recall": 0.6862566307743695, "eval_macro_f1": 0.6970966388888085, "eval_runtime": 3.9949, "eval_samples_per_second": 200.257, "eval_steps_per_second": 50.064, "epoch": 5.5}, "test": {"eval_loss": 0.11419890075922012, "eval_accuracy": 0.0, "eval_micro_precision": 0.8150851581508516, "eval_micro_recall": 0.7724827056110684, "eval_micro_f1": 0.793212312549329, "eval_macro_precision": 0.7265055349860251, "eval_macro_recall": 0.6562550080972411, "eval_macro_f1": 0.6838853596359089, "eval_runtime": 4.971, "eval_samples_per_second": 201.168, "eval_steps_per_second": 50.292, "epoch": 5.5}}}