{"0": {"valid": {"eval_loss": 0.131071999669075, "eval_accuracy": 0.9663333333333334, "eval_micro_precision": 0.825, "eval_micro_recall": 0.7944444444444444, "eval_micro_f1": 0.8094339622641509, "eval_macro_precision": 0.783454699366687, "eval_macro_recall": 0.7116733936458444, "eval_macro_f1": 0.7399424750872158, "eval_runtime": 7.138, "eval_samples_per_second": 112.076, "eval_steps_per_second": 28.019, "epoch": 9.0}, "test": {"eval_loss": 0.14052742719650269, "eval_accuracy": 0.964, "eval_micro_precision": 0.8036711891460495, "eval_micro_recall": 0.7740199846272099, "eval_micro_f1": 0.7885669537979639, "eval_macro_precision": 0.7118619759567296, "eval_macro_recall": 0.6854727156174029, "eval_macro_f1": 0.6880938127506262, "eval_runtime": 8.36, "eval_samples_per_second": 119.617, "eval_steps_per_second": 29.904, "epoch": 9.0}}, "1": {"valid": {"eval_loss": 0.12931427359580994, "eval_accuracy": 0.9635, "eval_micro_precision": 0.8232421875, "eval_micro_recall": 0.7663636363636364, "eval_micro_f1": 0.7937853107344632, "eval_macro_precision": 0.7714150454005534, "eval_macro_recall": 0.666642458279536, "eval_macro_f1": 0.7057366426065225, "eval_runtime": 7.235, "eval_samples_per_second": 110.574, "eval_steps_per_second": 27.643, "epoch": 7.0}, "test": {"eval_loss": 0.12732113897800446, "eval_accuracy": 0.9642666666666667, "eval_micro_precision": 0.8142974527526705, "eval_micro_recall": 0.7617217524980784, "eval_micro_f1": 0.7871326449563145, "eval_macro_precision": 0.7291278490835355, "eval_macro_recall": 0.6720048444659796, "eval_macro_f1": 0.6944735739252228, "eval_runtime": 9.069, "eval_samples_per_second": 110.266, "eval_steps_per_second": 27.566, "epoch": 7.0}}, "2": {"valid": {"eval_loss": 0.11030780524015427, "eval_accuracy": 0.9653333333333334, "eval_micro_precision": 0.8512931034482759, "eval_micro_recall": 0.7397003745318352, "eval_micro_f1": 0.7915831663326653, "eval_macro_precision": 0.8399688505874643, "eval_macro_recall": 0.5844337407693825, "eval_macro_f1": 0.6555381077099507, "eval_runtime": 6.944, "eval_samples_per_second": 115.207, "eval_steps_per_second": 28.802, "epoch": 5.0}, "test": {"eval_loss": 0.11786741763353348, "eval_accuracy": 0.9623333333333334, "eval_micro_precision": 0.8250883392226148, "eval_micro_recall": 0.7179093005380477, "eval_micro_f1": 0.767776407727086, "eval_macro_precision": 0.787321887037587, "eval_macro_recall": 0.5815588581580402, "eval_macro_f1": 0.6366943745234072, "eval_runtime": 8.001, "eval_samples_per_second": 124.984, "eval_steps_per_second": 31.246, "epoch": 5.0}}, "3": {"valid": {"eval_loss": 0.15014280378818512, "eval_accuracy": 0.9646666666666667, "eval_micro_precision": 0.8084905660377358, "eval_micro_recall": 0.7949907235621522, "eval_micro_f1": 0.8016838166510757, "eval_macro_precision": 0.73147821260355, "eval_macro_recall": 0.678977551282949, "eval_macro_f1": 0.6970618867019418, "eval_runtime": 6.679, "eval_samples_per_second": 119.778, "eval_steps_per_second": 29.945, "epoch": 10.5}, "test": {"eval_loss": 0.1523488163948059, "eval_accuracy": 0.9636666666666667, "eval_micro_precision": 0.7981072555205048, "eval_micro_recall": 0.7778631821675634, "eval_micro_f1": 0.7878551965745426, "eval_macro_precision": 0.7033394323064964, "eval_macro_recall": 0.7134995032017861, "eval_macro_f1": 0.7021796548610625, "eval_runtime": 7.999, "eval_samples_per_second": 125.016, "eval_steps_per_second": 31.254, "epoch": 10.5}}, "4": {"valid": {"eval_loss": 0.13101837038993835, "eval_accuracy": 0.9624166666666667, "eval_micro_precision": 0.809, "eval_micro_recall": 0.7567820392890552, "eval_micro_f1": 0.7820202996616724, "eval_macro_precision": 0.7581802648429558, "eval_macro_recall": 0.6434613752044062, "eval_macro_f1": 0.6719826602844655, "eval_runtime": 6.788, "eval_samples_per_second": 117.855, "eval_steps_per_second": 29.464, "epoch": 7.0}, "test": {"eval_loss": 0.12902159988880157, "eval_accuracy": 0.9632, "eval_micro_precision": 0.8047192839707079, "eval_micro_recall": 0.760184473481937, "eval_micro_f1": 0.7818181818181819, "eval_macro_precision": 0.7662748814109613, "eval_macro_recall": 0.6310914989439131, "eval_macro_f1": 0.6823635232666334, "eval_runtime": 8.396, "eval_samples_per_second": 119.104, "eval_steps_per_second": 29.776, "epoch": 7.0}}}