{"0": {"valid": {"eval_loss": 0.12115276604890823, "eval_accuracy": 0.0, "eval_micro_precision": 0.8199052132701422, "eval_micro_recall": 0.8009259259259259, "eval_micro_f1": 0.810304449648712, "eval_macro_precision": 0.7855319474817175, "eval_macro_recall": 0.7320254322244288, "eval_macro_f1": 0.7502694758217842, "eval_runtime": 6.767, "eval_samples_per_second": 118.221, "eval_steps_per_second": 29.555, "epoch": 7.5}, "test": {"eval_loss": 0.13804592192173004, "eval_accuracy": 0.0, "eval_micro_precision": 0.7876175548589341, "eval_micro_recall": 0.7724827056110684, "eval_micro_f1": 0.779976717112922, "eval_macro_precision": 0.7068858064277491, "eval_macro_recall": 0.6574208714020517, "eval_macro_f1": 0.6748535580700994, "eval_runtime": 8.425, "eval_samples_per_second": 118.694, "eval_steps_per_second": 29.674, "epoch": 7.5}}, "1": {"valid": {"eval_loss": 0.14109531044960022, "eval_accuracy": 0.0, "eval_micro_precision": 0.7983348751156337, "eval_micro_recall": 0.7845454545454545, "eval_micro_f1": 0.79138010087116, "eval_macro_precision": 0.7821693926603458, "eval_macro_recall": 0.7044282591479948, "eval_macro_f1": 0.7320346532283477, "eval_runtime": 7.043, "eval_samples_per_second": 113.588, "eval_steps_per_second": 28.397, "epoch": 8.0}, "test": {"eval_loss": 0.14065560698509216, "eval_accuracy": 0.0, "eval_micro_precision": 0.7930489731437599, "eval_micro_recall": 0.7717140661029976, "eval_micro_f1": 0.782236073237242, "eval_macro_precision": 0.7141376857227513, "eval_macro_recall": 0.6723109502677221, "eval_macro_f1": 0.6879914297187716, "eval_runtime": 8.301, "eval_samples_per_second": 120.467, "eval_steps_per_second": 30.117, "epoch": 8.0}}, "2": {"valid": {"eval_loss": 0.10998748987913132, "eval_accuracy": 0.0, "eval_micro_precision": 0.8084696823869105, "eval_micro_recall": 0.7865168539325843, "eval_micro_f1": 0.7973421926910299, "eval_macro_precision": 0.7789597977801652, "eval_macro_recall": 0.6362988736857605, "eval_macro_f1": 0.6813111522652174, "eval_runtime": 6.625, "eval_samples_per_second": 120.755, "eval_steps_per_second": 30.189, "epoch": 5.0}, "test": {"eval_loss": 0.11676758527755737, "eval_accuracy": 0.0, "eval_micro_precision": 0.7965162311955661, "eval_micro_recall": 0.7732513451191392, "eval_micro_f1": 0.7847113884555381, "eval_macro_precision": 0.760337472419556, "eval_macro_recall": 0.6518616251621354, "eval_macro_f1": 0.6854680659696846, "eval_runtime": 8.277, "eval_samples_per_second": 120.817, "eval_steps_per_second": 30.204, "epoch": 5.0}}, "3": {"valid": {"eval_loss": 0.12539567053318024, "eval_accuracy": 0.0, "eval_micro_precision": 0.8199233716475096, "eval_micro_recall": 0.7940630797773655, "eval_micro_f1": 0.8067860508953818, "eval_macro_precision": 0.7974611139601556, "eval_macro_recall": 0.7050265830797012, "eval_macro_f1": 0.7388307743514052, "eval_runtime": 6.962, "eval_samples_per_second": 114.91, "eval_steps_per_second": 28.727, "epoch": 7.5}, "test": {"eval_loss": 0.13258129358291626, "eval_accuracy": 0.0, "eval_micro_precision": 0.7950754567116759, "eval_micro_recall": 0.7694081475787855, "eval_micro_f1": 0.7820312500000001, "eval_macro_precision": 0.7163661093489855, "eval_macro_recall": 0.6635233196902898, "eval_macro_f1": 0.6854070009962121, "eval_runtime": 8.477, "eval_samples_per_second": 117.966, "eval_steps_per_second": 29.492, "epoch": 7.5}}, "4": {"valid": {"eval_loss": 0.1112174242734909, "eval_accuracy": 0.0, "eval_micro_precision": 0.8163869693978283, "eval_micro_recall": 0.7736202057998129, "eval_micro_f1": 0.7944284341978867, "eval_macro_precision": 0.7413660875864707, "eval_macro_recall": 0.6790995502217658, "eval_macro_f1": 0.693930246258635, "eval_runtime": 7.301, "eval_samples_per_second": 109.574, "eval_steps_per_second": 27.394, "epoch": 5.0}, "test": {"eval_loss": 0.11809243261814117, "eval_accuracy": 0.0, "eval_micro_precision": 0.7906602254428341, "eval_micro_recall": 0.754803996925442, "eval_micro_f1": 0.7723161620133701, "eval_macro_precision": 0.7504707600562709, "eval_macro_recall": 0.6573154865609372, "eval_macro_f1": 0.6888108783978419, "eval_runtime": 9.509, "eval_samples_per_second": 105.164, "eval_steps_per_second": 26.291, "epoch": 5.0}}}