{"0": {"valid": {"eval_accuracy": 0.9651666666666666, "eval_micro_precision": 0.8140417457305503, "eval_micro_recall": 0.7944444444444444, "eval_micro_f1": 0.8041237113402062, "eval_macro_precision": 0.791356227477242, "eval_macro_recall": 0.7084023912098781, "eval_macro_f1": 0.7393938176652225, "eval_runtime": 8.677, "eval_samples_per_second": 92.198, "eval_steps_per_second": 23.049, "epoch": 6.5}, "test": {"eval_accuracy": 0.9623333333333334, "eval_micro_precision": 0.792063492063492, "eval_micro_recall": 0.7671022290545734, "eval_micro_f1": 0.7793830534947287, "eval_macro_precision": 0.7408875545970075, "eval_macro_recall": 0.6473921594612481, "eval_macro_f1": 0.6839708278750875, "eval_runtime": 15.968, "eval_samples_per_second": 62.625, "eval_steps_per_second": 15.656, "epoch": 6.5}}, "1": {"valid": {"eval_accuracy": 0.9615833333333333, "eval_micro_precision": 0.827021494370522, "eval_micro_recall": 0.7345454545454545, "eval_micro_f1": 0.7780452575830524, "eval_macro_precision": 0.844839287671981, "eval_macro_recall": 0.6150061161801365, "eval_macro_f1": 0.6847576236042311, "eval_runtime": 9.193, "eval_samples_per_second": 87.023, "eval_steps_per_second": 21.756, "epoch": 5.0}, "test": {"eval_accuracy": 0.9648, "eval_micro_precision": 0.8294970161977835, "eval_micro_recall": 0.7478862413528056, "eval_micro_f1": 0.7865804365400161, "eval_macro_precision": 0.7870154046640149, "eval_macro_recall": 0.608487505318567, "eval_macro_f1": 0.6764051006756671, "eval_runtime": 15.502, "eval_samples_per_second": 64.508, "eval_steps_per_second": 16.127, "epoch": 5.0}}, "2": {"valid": {"eval_accuracy": 0.9656666666666667, "eval_micro_precision": 0.8572984749455338, "eval_micro_recall": 0.7368913857677902, "eval_micro_f1": 0.7925478348439075, "eval_macro_precision": 0.8317047645182801, "eval_macro_recall": 0.5959044640072888, "eval_macro_f1": 0.678940116618944, "eval_runtime": 7.258, "eval_samples_per_second": 110.223, "eval_steps_per_second": 27.556, "epoch": 4.0}, "test": {"eval_accuracy": 0.9642, "eval_micro_precision": 0.8374558303886925, "eval_micro_recall": 0.7286702536510377, "eval_micro_f1": 0.7792848335388409, "eval_macro_precision": 0.7909788599129668, "eval_macro_recall": 0.5807604656987276, "eval_macro_f1": 0.6468392287876488, "eval_runtime": 15.526, "eval_samples_per_second": 64.408, "eval_steps_per_second": 16.102, "epoch": 4.0}}, "3": {"valid": {"eval_accuracy": 0.9648333333333333, "eval_micro_precision": 0.8215686274509804, "eval_micro_recall": 0.7773654916512059, "eval_micro_f1": 0.7988560533841754, "eval_macro_precision": 0.7846179032620344, "eval_macro_recall": 0.6729257610087608, "eval_macro_f1": 0.7180136987167212, "eval_runtime": 15.658, "eval_samples_per_second": 51.092, "eval_steps_per_second": 12.773, "epoch": 7.0}, "test": {"eval_accuracy": 0.9646666666666667, "eval_micro_precision": 0.8096385542168675, "eval_micro_recall": 0.7747886241352806, "eval_micro_f1": 0.7918303220738414, "eval_macro_precision": 0.7423899993143989, "eval_macro_recall": 0.6677653588999863, "eval_macro_f1": 0.6962353402992698, "eval_runtime": 21.475, "eval_samples_per_second": 46.566, "eval_steps_per_second": 11.641, "epoch": 7.0}}, "4": {"valid": {"eval_accuracy": 0.9641666666666666, "eval_micro_precision": 0.8092933204259438, "eval_micro_recall": 0.7820392890551918, "eval_micro_f1": 0.7954329210275928, "eval_macro_precision": 0.7263000489616459, "eval_macro_recall": 0.7044691013381886, "eval_macro_f1": 0.7073397794831179, "eval_runtime": 11.861, "eval_samples_per_second": 67.448, "eval_steps_per_second": 16.862, "epoch": 6.5}, "test": {"eval_accuracy": 0.963, "eval_micro_precision": 0.7941640378548895, "eval_micro_recall": 0.7740199846272099, "eval_micro_f1": 0.7839626313740756, "eval_macro_precision": 0.7220064132151638, "eval_macro_recall": 0.6925022757483834, "eval_macro_f1": 0.6963170823339976, "eval_runtime": 18.055, "eval_samples_per_second": 55.386, "eval_steps_per_second": 13.847, "epoch": 6.5}}}