{"4": {"valid": {"eval_loss": 0.11511623114347458, "eval_accuracy": 0.9646666666666667, "eval_micro_precision": 0.8348909657320872, "eval_micro_recall": 0.7521047708138447, "eval_micro_f1": 0.7913385826771654, "eval_macro_precision": 0.7632181175346423, "eval_macro_recall": 0.6577942421201798, "eval_macro_f1": 0.6831933688342402, "eval_runtime": 6.567, "eval_samples_per_second": 121.821, "eval_steps_per_second": 30.455, "epoch": 5.0}, "test": {"eval_loss": 0.1161995530128479, "eval_accuracy": 0.9635333333333334, "eval_micro_precision": 0.8261245674740484, "eval_micro_recall": 0.7340507302075326, "eval_micro_f1": 0.7773707773707773, "eval_macro_precision": 0.7643811624273111, "eval_macro_recall": 0.613785352503077, "eval_macro_f1": 0.6738724821645552, "eval_runtime": 8.248, "eval_samples_per_second": 121.242, "eval_steps_per_second": 30.31, "epoch": 5.0}}}