{"0": {"valid": {"eval_loss": 0.12785406410694122, "eval_accuracy": 0.0, "eval_micro_precision": 0.7864476386036962, "eval_micro_recall": 0.7429679922405431, "eval_micro_f1": 0.7640897755610971, "eval_macro_precision": 0.7932154560811497, "eval_macro_recall": 0.5881558250078025, "eval_macro_f1": 0.6391799844911018, "eval_runtime": 3.9183, "eval_samples_per_second": 204.168, "eval_steps_per_second": 51.042, "epoch": 4.5}, "test": {"eval_loss": 0.12880481779575348, "eval_accuracy": 0.0, "eval_micro_precision": 0.8616666666666667, "eval_micro_recall": 0.6939597315436241, "eval_micro_f1": 0.7687732342007435, "eval_macro_precision": 0.6258310948173758, "eval_macro_recall": 0.3654410695186064, "eval_macro_f1": 0.4027809428647837, "eval_runtime": 4.6597, "eval_samples_per_second": 214.608, "eval_steps_per_second": 53.652, "epoch": 4.5}}, "1": {"valid": {"eval_loss": 0.10745960474014282, "eval_accuracy": 8.333333333333333e-05, "eval_micro_precision": 0.8605174353205849, "eval_micro_recall": 0.7210179076343073, "eval_micro_f1": 0.7846153846153846, "eval_macro_precision": 0.7713816799603165, "eval_macro_recall": 0.550984480284533, "eval_macro_f1": 0.6229963247953989, "eval_runtime": 3.9521, "eval_samples_per_second": 202.422, "eval_steps_per_second": 50.606, "epoch": 3.5}, "test": {"eval_loss": 0.1355796456336975, "eval_accuracy": 0.0, "eval_micro_precision": 0.9179245283018868, "eval_micro_recall": 0.6530201342281879, "eval_micro_f1": 0.7631372549019607, "eval_macro_precision": 0.5604898633281882, "eval_macro_recall": 0.29573596341905134, "eval_macro_f1": 0.3646115020471767, "eval_runtime": 4.8557, "eval_samples_per_second": 205.944, "eval_steps_per_second": 51.486, "epoch": 3.5}}, "2": {"valid": {"eval_loss": 0.1403511017560959, "eval_accuracy": 0.0, "eval_micro_precision": 0.7954768928220256, "eval_micro_recall": 0.7846750727449079, "eval_micro_f1": 0.7900390625000001, "eval_macro_precision": 0.7478148880072036, "eval_macro_recall": 0.7062344448830781, "eval_macro_f1": 0.7122091711244923, "eval_runtime": 3.6881, "eval_samples_per_second": 216.912, "eval_steps_per_second": 54.228, "epoch": 8.0}, "test": {"eval_loss": 0.15169426798820496, "eval_accuracy": 0.0, "eval_micro_precision": 0.8800335570469798, "eval_micro_recall": 0.7040268456375839, "eval_micro_f1": 0.7822520507084266, "eval_macro_precision": 0.4838099851390991, "eval_macro_recall": 0.38618905058650965, "eval_macro_f1": 0.41134365696075104, "eval_runtime": 4.668, "eval_samples_per_second": 214.225, "eval_steps_per_second": 53.556, "epoch": 8.0}}, "3": {"valid": {"eval_loss": 0.11900699883699417, "eval_accuracy": 0.0, "eval_micro_precision": 0.8155136268343816, "eval_micro_recall": 0.7452107279693486, "eval_micro_f1": 0.7787787787787787, "eval_macro_precision": 0.8014017432702949, "eval_macro_recall": 0.5807187274760276, "eval_macro_f1": 0.6384894601724385, "eval_runtime": 3.8661, "eval_samples_per_second": 206.925, "eval_steps_per_second": 51.731, "epoch": 5.5}, "test": {"eval_loss": 0.1417328417301178, "eval_accuracy": 0.0, "eval_micro_precision": 0.8976234003656307, "eval_micro_recall": 0.6590604026845638, "eval_micro_f1": 0.7600619195046441, "eval_macro_precision": 0.6385120871046915, "eval_macro_recall": 0.3466993103263699, "eval_macro_f1": 0.4101534105073737, "eval_runtime": 4.7049, "eval_samples_per_second": 212.545, "eval_steps_per_second": 53.136, "epoch": 5.5}}, "4": {"valid": {"eval_loss": 0.11800792813301086, "eval_accuracy": 0.0, "eval_micro_precision": 0.7995910020449898, "eval_micro_recall": 0.7526467757459095, "eval_micro_f1": 0.7754090233019335, "eval_macro_precision": 0.7714952570698766, "eval_macro_recall": 0.6377429288012256, "eval_macro_f1": 0.6855248693496189, "eval_runtime": 3.8899, "eval_samples_per_second": 205.663, "eval_steps_per_second": 51.416, "epoch": 5.5}, "test": {"eval_loss": 0.13408547639846802, "eval_accuracy": 0.0, "eval_micro_precision": 0.8450244698205547, "eval_micro_recall": 0.6953020134228188, "eval_micro_f1": 0.7628865979381443, "eval_macro_precision": 0.6337885445297624, "eval_macro_recall": 0.37874003503881243, "eval_macro_f1": 0.4274443910804831, "eval_runtime": 4.7817, "eval_samples_per_second": 209.132, "eval_steps_per_second": 52.283, "epoch": 5.5}}}