{"0": {"valid": {"eval_loss": 0.14359542727470398, "eval_accuracy": 0.0, "eval_micro_precision": 0.7864372469635628, "eval_micro_recall": 0.7536372453928225, "eval_micro_f1": 0.7696879643387816, "eval_macro_precision": 0.730990674879651, "eval_macro_recall": 0.6201016687510177, "eval_macro_f1": 0.6510084658655251, "eval_runtime": 6.985, "eval_samples_per_second": 114.531, "eval_steps_per_second": 28.633, "epoch": 7.0}, "test": {"eval_loss": 0.14637191593647003, "eval_accuracy": 0.0, "eval_micro_precision": 0.8719211822660099, "eval_micro_recall": 0.7127516778523489, "eval_micro_f1": 0.7843426883308715, "eval_macro_precision": 0.6940371252495752, "eval_macro_recall": 0.39823236646082993, "eval_macro_f1": 0.45125430253847465, "eval_runtime": 9.228, "eval_samples_per_second": 108.366, "eval_steps_per_second": 27.091, "epoch": 7.0}}, "1": {"valid": {"eval_loss": 0.11665452271699905, "eval_accuracy": 0.0, "eval_micro_precision": 0.8219315895372233, "eval_micro_recall": 0.7700282752120641, "eval_micro_f1": 0.7951338199513382, "eval_macro_precision": 0.7400767496646475, "eval_macro_recall": 0.6553226378995315, "eval_macro_f1": 0.6894271635140466, "eval_runtime": 6.922, "eval_samples_per_second": 115.574, "eval_steps_per_second": 28.893, "epoch": 6.0}, "test": {"eval_loss": 0.13703472912311554, "eval_accuracy": 0.0, "eval_micro_precision": 0.8923884514435696, "eval_micro_recall": 0.6845637583892618, "eval_micro_f1": 0.7747816179263197, "eval_macro_precision": 0.6938094256129447, "eval_macro_recall": 0.372125835325974, "eval_macro_f1": 0.4423906945545585, "eval_runtime": 8.655, "eval_samples_per_second": 115.54, "eval_steps_per_second": 28.885, "epoch": 6.0}}, "2": {"valid": {"eval_loss": 0.11809778213500977, "eval_accuracy": 0.0, "eval_micro_precision": 0.8065843621399177, "eval_micro_recall": 0.7604267701260912, "eval_micro_f1": 0.7828257613579631, "eval_macro_precision": 0.7624954139887608, "eval_macro_recall": 0.6379651188126776, "eval_macro_f1": 0.6779720677783126, "eval_runtime": 7.567, "eval_samples_per_second": 105.722, "eval_steps_per_second": 26.431, "epoch": 5.5}, "test": {"eval_loss": 0.1292155683040619, "eval_accuracy": 0.0, "eval_micro_precision": 0.883982683982684, "eval_micro_recall": 0.6852348993288591, "eval_micro_f1": 0.7720226843100189, "eval_macro_precision": 0.6330510021657234, "eval_macro_recall": 0.37409736216469747, "eval_macro_f1": 0.4364993744602349, "eval_runtime": 8.438, "eval_samples_per_second": 118.512, "eval_steps_per_second": 29.628, "epoch": 5.5}}, "3": {"valid": {"eval_loss": 0.13291797041893005, "eval_accuracy": 0.0, "eval_micro_precision": 0.7785365853658537, "eval_micro_recall": 0.764367816091954, "eval_micro_f1": 0.7713871435476076, "eval_macro_precision": 0.7228268407373443, "eval_macro_recall": 0.6725412950154808, "eval_macro_f1": 0.6931015932640203, "eval_runtime": 7.348, "eval_samples_per_second": 108.873, "eval_steps_per_second": 27.218, "epoch": 6.0}, "test": {"eval_loss": 0.14568345248699188, "eval_accuracy": 0.0, "eval_micro_precision": 0.8457047539616347, "eval_micro_recall": 0.6805369127516778, "eval_micro_f1": 0.7541837114168837, "eval_macro_precision": 0.5895790031378146, "eval_macro_recall": 0.48163810124738116, "eval_macro_f1": 0.4944984155532067, "eval_runtime": 8.752, "eval_samples_per_second": 114.26, "eval_steps_per_second": 28.565, "epoch": 6.0}}, "4": {"valid": {"eval_loss": 0.12101271003484726, "eval_accuracy": 0.0, "eval_micro_precision": 0.7956777996070727, "eval_micro_recall": 0.7795957651588066, "eval_micro_f1": 0.7875546912980068, "eval_macro_precision": 0.7599469964637281, "eval_macro_recall": 0.6831563142871558, "eval_macro_f1": 0.7083379413264919, "eval_runtime": 6.858, "eval_samples_per_second": 116.652, "eval_steps_per_second": 29.163, "epoch": 6.5}, "test": {"eval_loss": 0.14363816380500793, "eval_accuracy": 0.0, "eval_micro_precision": 0.8425632911392406, "eval_micro_recall": 0.714765100671141, "eval_micro_f1": 0.7734204793028322, "eval_macro_precision": 0.6775111158071174, "eval_macro_recall": 0.40517971747476317, "eval_macro_f1": 0.4588611442327627, "eval_runtime": 8.395, "eval_samples_per_second": 119.119, "eval_steps_per_second": 29.78, "epoch": 6.5}}}