{"0": {"valid": {"eval_loss": 0.14110663533210754, "eval_accuracy": 0.0, "eval_micro_precision": 0.7951933124346917, "eval_micro_recall": 0.7381183317167799, "eval_micro_f1": 0.7655935613682093, "eval_macro_precision": 0.7720940774201643, "eval_macro_recall": 0.6162062041848316, "eval_macro_f1": 0.6720132527820462, "eval_runtime": 3.7757, "eval_samples_per_second": 211.88, "eval_steps_per_second": 52.97, "epoch": 6.5}, "test": {"eval_loss": 0.14326828718185425, "eval_accuracy": 0.0, "eval_micro_precision": 0.8940338379341051, "eval_micro_recall": 0.6738255033557047, "eval_micro_f1": 0.7684653654802909, "eval_macro_precision": 0.6065574918484131, "eval_macro_recall": 0.3541184014706553, "eval_macro_f1": 0.4048180740545118, "eval_runtime": 4.6061, "eval_samples_per_second": 217.104, "eval_steps_per_second": 54.276, "epoch": 6.5}}, "1": {"valid": {"eval_loss": 0.11460540443658829, "eval_accuracy": 0.0, "eval_micro_precision": 0.829938900203666, "eval_micro_recall": 0.7681432610744581, "eval_micro_f1": 0.797846304454234, "eval_macro_precision": 0.7928954806322562, "eval_macro_recall": 0.6778777861277174, "eval_macro_f1": 0.7176353934954512, "eval_runtime": 3.4052, "eval_samples_per_second": 234.932, "eval_steps_per_second": 58.733, "epoch": 6.5}, "test": {"eval_loss": 0.14668063819408417, "eval_accuracy": 0.0, "eval_micro_precision": 0.9029038112522686, "eval_micro_recall": 0.6677852348993288, "eval_micro_f1": 0.7677469135802469, "eval_macro_precision": 0.642884737199296, "eval_macro_recall": 0.3692503001030251, "eval_macro_f1": 0.4437419190701574, "eval_runtime": 4.2478, "eval_samples_per_second": 235.417, "eval_steps_per_second": 58.854, "epoch": 6.5}}, "2": {"valid": {"eval_loss": 0.14103391766548157, "eval_accuracy": 0.0, "eval_micro_precision": 0.7965116279069767, "eval_micro_recall": 0.7972841901066925, "eval_micro_f1": 0.7968977217644208, "eval_macro_precision": 0.7275178128505464, "eval_macro_recall": 0.7415581408889689, "eval_macro_f1": 0.7255249056455473, "eval_runtime": 3.5029, "eval_samples_per_second": 228.385, "eval_steps_per_second": 57.096, "epoch": 10.0}, "test": {"eval_loss": 0.16644375026226044, "eval_accuracy": 0.0, "eval_micro_precision": 0.8780694326841659, "eval_micro_recall": 0.6959731543624161, "eval_micro_f1": 0.7764882066641707, "eval_macro_precision": 0.5915749153230115, "eval_macro_recall": 0.44377635788113134, "eval_macro_f1": 0.46689714185854, "eval_runtime": 4.3063, "eval_samples_per_second": 232.22, "eval_steps_per_second": 58.055, "epoch": 10.0}}, "3": {"valid": {"eval_loss": 0.12030679732561111, "eval_accuracy": 0.0, "eval_micro_precision": 0.8078512396694215, "eval_micro_recall": 0.7490421455938697, "eval_micro_f1": 0.7773359840954275, "eval_macro_precision": 0.7536382308771848, "eval_macro_recall": 0.6243872149700456, "eval_macro_f1": 0.6621690948471107, "eval_runtime": 3.4885, "eval_samples_per_second": 229.324, "eval_steps_per_second": 57.331, "epoch": 5.0}, "test": {"eval_loss": 0.1302911937236786, "eval_accuracy": 0.0, "eval_micro_precision": 0.9111310592459605, "eval_micro_recall": 0.6812080536912751, "eval_micro_f1": 0.7795698924731183, "eval_macro_precision": 0.7909272873132599, "eval_macro_recall": 0.3399561019749012, "eval_macro_f1": 0.43374755974837864, "eval_runtime": 4.3821, "eval_samples_per_second": 228.199, "eval_steps_per_second": 57.05, "epoch": 5.0}}, "4": {"valid": {"eval_loss": 0.1493002474308014, "eval_accuracy": 0.0, "eval_micro_precision": 0.7740429505135388, "eval_micro_recall": 0.7978825794032723, "eval_micro_f1": 0.785781990521327, "eval_macro_precision": 0.7255241847669965, "eval_macro_recall": 0.6804524568487829, "eval_macro_f1": 0.6887260806850971, "eval_runtime": 3.5584, "eval_samples_per_second": 224.822, "eval_steps_per_second": 56.205, "epoch": 9.0}, "test": {"eval_loss": 0.1693686842918396, "eval_accuracy": 0.0, "eval_micro_precision": 0.7902648532569793, "eval_micro_recall": 0.7409395973154362, "eval_micro_f1": 0.7648077589192933, "eval_macro_precision": 0.5211862942148787, "eval_macro_recall": 0.4114646985372262, "eval_macro_f1": 0.42605973925837426, "eval_runtime": 4.551, "eval_samples_per_second": 219.731, "eval_steps_per_second": 54.933, "epoch": 9.0}}}