{"0": {"valid": {"eval_loss": 0.12718451023101807, "eval_accuracy": 0.9589166666666666, "eval_micro_precision": 0.7898706896551724, "eval_micro_recall": 0.7109602327837051, "eval_micro_f1": 0.7483409903011742, "eval_macro_precision": 0.7219737852620666, "eval_macro_recall": 0.5354105443145208, "eval_macro_f1": 0.5879714299364668, "eval_runtime": 6.923, "eval_samples_per_second": 115.557, "eval_steps_per_second": 28.889, "epoch": 4.5}, "test": {"eval_loss": 0.13209454715251923, "eval_accuracy": 0.9590666666666666, "eval_micro_precision": 0.8769363166953529, "eval_micro_recall": 0.6838926174496645, "eval_micro_f1": 0.7684766214177979, "eval_macro_precision": 0.6534486435573892, "eval_macro_recall": 0.35671374279978285, "eval_macro_f1": 0.41524036225469896, "eval_runtime": 8.301, "eval_samples_per_second": 120.467, "eval_steps_per_second": 30.117, "epoch": 4.5}}, "1": {"valid": {"eval_loss": 0.11497682332992554, "eval_accuracy": 0.9623333333333334, "eval_micro_precision": 0.8456299659477866, "eval_micro_recall": 0.702167766258247, "eval_micro_f1": 0.7672502574665293, "eval_macro_precision": 0.7855172840239792, "eval_macro_recall": 0.5489676873389489, "eval_macro_f1": 0.6138322585806749, "eval_runtime": 7.837, "eval_samples_per_second": 102.08, "eval_steps_per_second": 25.52, "epoch": 4.0}, "test": {"eval_loss": 0.13860183954238892, "eval_accuracy": 0.9562, "eval_micro_precision": 0.9031945788964182, "eval_micro_recall": 0.6261744966442953, "eval_micro_f1": 0.7395957193816884, "eval_macro_precision": 0.5711098557380467, "eval_macro_recall": 0.34010864177151845, "eval_macro_f1": 0.4102633656717754, "eval_runtime": 10.463, "eval_samples_per_second": 95.575, "eval_steps_per_second": 23.894, "epoch": 4.0}}, "2": {"valid": {"eval_loss": 0.13539505004882812, "eval_accuracy": 0.9625, "eval_micro_precision": 0.786771964461994, "eval_micro_recall": 0.7730358874878759, "eval_micro_f1": 0.7798434442270058, "eval_macro_precision": 0.734750642424763, "eval_macro_recall": 0.6913535278570843, "eval_macro_f1": 0.6985962880013799, "eval_runtime": 6.867, "eval_samples_per_second": 116.499, "eval_steps_per_second": 29.125, "epoch": 7.0}, "test": {"eval_loss": 0.14526191353797913, "eval_accuracy": 0.9606, "eval_micro_precision": 0.8838599487617421, "eval_micro_recall": 0.6946308724832215, "eval_micro_f1": 0.777903043968433, "eval_macro_precision": 0.6144807591853457, "eval_macro_recall": 0.3698228254855389, "eval_macro_f1": 0.4207136999301376, "eval_runtime": 8.342, "eval_samples_per_second": 119.875, "eval_steps_per_second": 29.969, "epoch": 7.0}}, "3": {"valid": {"eval_loss": 0.14441604912281036, "eval_accuracy": 0.96275, "eval_micro_precision": 0.7993981945837513, "eval_micro_recall": 0.7634099616858238, "eval_micro_f1": 0.7809897109260167, "eval_macro_precision": 0.7880209179157583, "eval_macro_recall": 0.6380458437274548, "eval_macro_f1": 0.6865539027128773, "eval_runtime": 7.254, "eval_samples_per_second": 110.284, "eval_steps_per_second": 27.571, "epoch": 7.5}, "test": {"eval_loss": 0.1478947401046753, "eval_accuracy": 0.9596666666666667, "eval_micro_precision": 0.8702928870292888, "eval_micro_recall": 0.697986577181208, "eval_micro_f1": 0.7746741154562383, "eval_macro_precision": 0.6594733515563077, "eval_macro_recall": 0.39908216181359385, "eval_macro_f1": 0.4600457232127962, "eval_runtime": 8.722, "eval_samples_per_second": 114.653, "eval_steps_per_second": 28.663, "epoch": 7.5}}, "4": {"valid": {"eval_loss": 0.12304563820362091, "eval_accuracy": 0.9629166666666666, "eval_micro_precision": 0.8173076923076923, "eval_micro_recall": 0.7362848893166506, "eval_micro_f1": 0.7746835443037974, "eval_macro_precision": 0.7867004370081353, "eval_macro_recall": 0.5787387124240148, "eval_macro_f1": 0.6312009108993955, "eval_runtime": 6.852, "eval_samples_per_second": 116.754, "eval_steps_per_second": 29.189, "epoch": 5.5}, "test": {"eval_loss": 0.13736534118652344, "eval_accuracy": 0.9594, "eval_micro_precision": 0.8748936170212765, "eval_micro_recall": 0.6899328859060403, "eval_micro_f1": 0.7714821763602252, "eval_macro_precision": 0.5869609277068588, "eval_macro_recall": 0.40113425279237525, "eval_macro_f1": 0.4576559108445263, "eval_runtime": 8.288, "eval_samples_per_second": 120.656, "eval_steps_per_second": 30.164, "epoch": 5.5}}}