{"0": {"valid": {"eval_loss": 0.11760391294956207, "eval_accuracy": 0.0, "eval_micro_precision": 0.8104575163398693, "eval_micro_recall": 0.8282442748091603, "eval_micro_f1": 0.8192543652666352, "eval_macro_precision": 0.7560294049871715, "eval_macro_recall": 0.6839630426599119, "eval_macro_f1": 0.6976455422429205, "eval_runtime": 6.904, "eval_samples_per_second": 115.875, "eval_steps_per_second": 28.969, "epoch": 7.0}, "test": {"eval_loss": 0.2571989893913269, "eval_accuracy": 0.0, "eval_micro_precision": 0.622482131254061, "eval_micro_recall": 0.6512576478585996, "eval_micro_f1": 0.636544850498339, "eval_macro_precision": 0.6583725406810906, "eval_macro_recall": 0.5862749321728029, "eval_macro_f1": 0.5988568622103326, "eval_runtime": 8.301, "eval_samples_per_second": 120.467, "eval_steps_per_second": 30.117, "epoch": 7.0}}, "1": {"valid": {"eval_loss": 0.1255260854959488, "eval_accuracy": 0.0, "eval_micro_precision": 0.8049951969260326, "eval_micro_recall": 0.8088803088803089, "eval_micro_f1": 0.8069330765527203, "eval_macro_precision": 0.7012167517618167, "eval_macro_recall": 0.6841058241785692, "eval_macro_f1": 0.6887665414904588, "eval_runtime": 6.638, "eval_samples_per_second": 120.518, "eval_steps_per_second": 30.13, "epoch": 8.0}, "test": {"eval_loss": 0.26892444491386414, "eval_accuracy": 0.0, "eval_micro_precision": 0.6609918578830496, "eval_micro_recall": 0.6070700203942896, "eval_micro_f1": 0.632884479092842, "eval_macro_precision": 0.6433836494118025, "eval_macro_recall": 0.5618582287955368, "eval_macro_f1": 0.5722619087628925, "eval_runtime": 8.292, "eval_samples_per_second": 120.598, "eval_steps_per_second": 30.15, "epoch": 8.0}}, "2": {"valid": {"eval_loss": 0.10538837313652039, "eval_accuracy": 0.0, "eval_micro_precision": 0.8525773195876288, "eval_micro_recall": 0.7974927675988428, "eval_micro_f1": 0.8241155954160437, "eval_macro_precision": 0.7528950775359792, "eval_macro_recall": 0.655054761843816, "eval_macro_f1": 0.688649923247361, "eval_runtime": 10.4305, "eval_samples_per_second": 76.698, "eval_steps_per_second": 19.175, "epoch": 6.5}, "test": {"eval_loss": 0.22307227551937103, "eval_accuracy": 0.0, "eval_micro_precision": 0.6826394344069128, "eval_micro_recall": 0.5907545887151597, "eval_micro_f1": 0.6333819241982508, "eval_macro_precision": 0.6659840170878972, "eval_macro_recall": 0.5093336600781815, "eval_macro_f1": 0.5531080002464154, "eval_runtime": 12.557, "eval_samples_per_second": 79.637, "eval_steps_per_second": 19.909, "epoch": 6.5}}, "3": {"valid": {"eval_loss": 0.09566137194633484, "eval_accuracy": 0.0, "eval_micro_precision": 0.846382556987116, "eval_micro_recall": 0.8148854961832062, "eval_micro_f1": 0.8303354399611085, "eval_macro_precision": 0.8043947769984203, "eval_macro_recall": 0.633096990088791, "eval_macro_f1": 0.6895915215648185, "eval_runtime": 7.083, "eval_samples_per_second": 112.947, "eval_steps_per_second": 28.237, "epoch": 5.5}, "test": {"eval_loss": 0.2262377291917801, "eval_accuracy": 0.0, "eval_micro_precision": 0.65284178187404, "eval_micro_recall": 0.5778382053025153, "eval_micro_f1": 0.6130544536602957, "eval_macro_precision": 0.6838677972929756, "eval_macro_recall": 0.4894842453378107, "eval_macro_f1": 0.5313231944749118, "eval_runtime": 8.687, "eval_samples_per_second": 115.114, "eval_steps_per_second": 28.779, "epoch": 5.5}}, "4": {"valid": {"eval_loss": 0.12276554107666016, "eval_accuracy": 0.0, "eval_micro_precision": 0.8283132530120482, "eval_micro_recall": 0.78125, "eval_micro_f1": 0.8040935672514619, "eval_macro_precision": 0.7867318709901834, "eval_macro_recall": 0.633169020454205, "eval_macro_f1": 0.6880191614391695, "eval_runtime": 6.993, "eval_samples_per_second": 114.4, "eval_steps_per_second": 28.6, "epoch": 6.5}, "test": {"eval_loss": 0.24204257130622864, "eval_accuracy": 0.0, "eval_micro_precision": 0.658920539730135, "eval_micro_recall": 0.5975526852481305, "eval_micro_f1": 0.6267379679144385, "eval_macro_precision": 0.6363611585566276, "eval_macro_recall": 0.5235500186632858, "eval_macro_f1": 0.5466078689166313, "eval_runtime": 8.676, "eval_samples_per_second": 115.26, "eval_steps_per_second": 28.815, "epoch": 6.5}}}