{"0": {"valid": {"eval_loss": 0.10471046715974808, "eval_accuracy": 0.0, "eval_micro_precision": 0.8481404958677686, "eval_micro_recall": 0.7833969465648855, "eval_micro_f1": 0.814484126984127, "eval_macro_precision": 0.7611095649634181, "eval_macro_recall": 0.6228317607046343, "eval_macro_f1": 0.6698118536102378, "eval_runtime": 3.734, "eval_samples_per_second": 214.248, "eval_steps_per_second": 53.562, "epoch": 6.0}, "test": {"eval_loss": 0.21662487089633942, "eval_accuracy": 0.0, "eval_micro_precision": 0.6821705426356589, "eval_micro_recall": 0.5982324949014276, "eval_micro_f1": 0.6374501992031872, "eval_macro_precision": 0.6681411568993288, "eval_macro_recall": 0.5532899264322819, "eval_macro_f1": 0.5890183152089485, "eval_runtime": 4.7694, "eval_samples_per_second": 209.669, "eval_steps_per_second": 52.417, "epoch": 6.0}}, "1": {"valid": {"eval_loss": 0.12912361323833466, "eval_accuracy": 0.0, "eval_micro_precision": 0.8052325581395349, "eval_micro_recall": 0.8021235521235521, "eval_micro_f1": 0.8036750483558995, "eval_macro_precision": 0.717965782115088, "eval_macro_recall": 0.6811023326776428, "eval_macro_f1": 0.6884276567332338, "eval_runtime": 3.5958, "eval_samples_per_second": 222.484, "eval_steps_per_second": 55.621, "epoch": 8.0}, "test": {"eval_loss": 0.2653615176677704, "eval_accuracy": 0.0, "eval_micro_precision": 0.6562942008486563, "eval_micro_recall": 0.6308633582596873, "eval_micro_f1": 0.6433275563258232, "eval_macro_precision": 0.6091169418056107, "eval_macro_recall": 0.5763893902820565, "eval_macro_f1": 0.5687141203892776, "eval_runtime": 4.56, "eval_samples_per_second": 219.297, "eval_steps_per_second": 54.824, "epoch": 8.0}}, "2": {"valid": {"eval_loss": 0.11504702270030975, "eval_accuracy": 0.0, "eval_micro_precision": 0.8413173652694611, "eval_micro_recall": 0.8129218900675024, "eval_micro_f1": 0.8268759195684158, "eval_macro_precision": 0.7982190607389278, "eval_macro_recall": 0.6787556794271106, "eval_macro_f1": 0.7224448405573057, "eval_runtime": 3.7093, "eval_samples_per_second": 215.674, "eval_steps_per_second": 53.919, "epoch": 8.5}, "test": {"eval_loss": 0.2731340825557709, "eval_accuracy": 0.0, "eval_micro_precision": 0.6362369337979094, "eval_micro_recall": 0.6206662134602311, "eval_micro_f1": 0.6283551273227804, "eval_macro_precision": 0.6863758225978225, "eval_macro_recall": 0.524137997865688, "eval_macro_f1": 0.5588586704823546, "eval_runtime": 4.5642, "eval_samples_per_second": 219.096, "eval_steps_per_second": 54.774, "epoch": 8.5}}, "3": {"valid": {"eval_loss": 0.10340837389230728, "eval_accuracy": 0.0, "eval_micro_precision": 0.8334937439846006, "eval_micro_recall": 0.8263358778625954, "eval_micro_f1": 0.8298993770963105, "eval_macro_precision": 0.7652914445810468, "eval_macro_recall": 0.7018958087928997, "eval_macro_f1": 0.7208622898278185, "eval_runtime": 3.6546, "eval_samples_per_second": 218.905, "eval_steps_per_second": 54.726, "epoch": 6.5}, "test": {"eval_loss": 0.24594946205615997, "eval_accuracy": 0.0, "eval_micro_precision": 0.6380323054331865, "eval_micro_recall": 0.5907545887151597, "eval_micro_f1": 0.6134839392869749, "eval_macro_precision": 0.6335647215807432, "eval_macro_recall": 0.5465905714650204, "eval_macro_f1": 0.5577599541751042, "eval_runtime": 4.57, "eval_samples_per_second": 218.821, "eval_steps_per_second": 54.705, "epoch": 6.5}}, "4": {"valid": {"eval_loss": 0.14288286864757538, "eval_accuracy": 0.0, "eval_micro_precision": 0.8237585199610516, "eval_micro_recall": 0.8011363636363636, "eval_micro_f1": 0.8122899663946231, "eval_macro_precision": 0.7809126146363845, "eval_macro_recall": 0.6675044866377372, "eval_macro_f1": 0.7100562531255218, "eval_runtime": 3.7219, "eval_samples_per_second": 214.942, "eval_steps_per_second": 53.736, "epoch": 10.5}, "test": {"eval_loss": 0.2780423164367676, "eval_accuracy": 0.0, "eval_micro_precision": 0.6776859504132231, "eval_micro_recall": 0.6131883072739633, "eval_micro_f1": 0.6438258386866524, "eval_macro_precision": 0.6908440479647074, "eval_macro_recall": 0.5631965431052309, "eval_macro_f1": 0.6032811543806791, "eval_runtime": 4.3043, "eval_samples_per_second": 232.324, "eval_steps_per_second": 58.081, "epoch": 10.5}}}