{"3": {"valid": {"eval_loss": 0.09285756945610046, "eval_accuracy": 0.9720833333333333, "eval_micro_precision": 0.8780487804878049, "eval_micro_recall": 0.7900763358778626, "eval_micro_f1": 0.8317428427925665, "eval_macro_precision": 0.8104902008849683, "eval_macro_recall": 0.5831916696513989, "eval_macro_f1": 0.6613853122273183, "eval_runtime": 7.095, "eval_samples_per_second": 112.755, "eval_steps_per_second": 28.189, "epoch": 5.5}, "test": {"eval_loss": 0.22329208254814148, "eval_accuracy": 0.9294, "eval_micro_precision": 0.6794425087108014, "eval_micro_recall": 0.53025152957172, "eval_micro_f1": 0.5956471935853378, "eval_macro_precision": 0.6874329319557035, "eval_macro_recall": 0.4626893331492373, "eval_macro_f1": 0.5252565950411717, "eval_runtime": 8.811, "eval_samples_per_second": 113.495, "eval_steps_per_second": 28.374, "epoch": 5.5}}, "4": {"valid": {"eval_loss": 0.11834308505058289, "eval_accuracy": 0.9655833333333333, "eval_micro_precision": 0.8211788211788211, "eval_micro_recall": 0.7784090909090909, "eval_micro_f1": 0.7992221682061255, "eval_macro_precision": 0.7364734127337087, "eval_macro_recall": 0.620029062844418, "eval_macro_f1": 0.6600771632621946, "eval_runtime": 7.365, "eval_samples_per_second": 108.622, "eval_steps_per_second": 27.155, "epoch": 5.5}, "test": {"eval_loss": 0.23483112454414368, "eval_accuracy": 0.9278, "eval_micro_precision": 0.6407837445573294, "eval_micro_recall": 0.6002719238613188, "eval_micro_f1": 0.6198666198666198, "eval_macro_precision": 0.6883381451991145, "eval_macro_recall": 0.5312606940552924, "eval_macro_f1": 0.5684863185731716, "eval_runtime": 9.4485, "eval_samples_per_second": 105.837, "eval_steps_per_second": 26.459, "epoch": 5.5}}}