{"2": {"valid": {"eval_loss": 0.12854965031147003, "eval_accuracy": 0.0, "eval_micro_precision": 0.8151487826871056, "eval_micro_recall": 0.8136813681368137, "eval_micro_f1": 0.8144144144144144, "eval_macro_precision": 0.8342301749140412, "eval_macro_recall": 0.6748982191399953, "eval_macro_f1": 0.7197314932729463, "eval_runtime": 6.979, "eval_samples_per_second": 114.63, "eval_steps_per_second": 28.657, "epoch": 8.0}, "test": {"eval_loss": 0.17789220809936523, "eval_accuracy": 0.0, "eval_micro_precision": 0.6625766871165644, "eval_micro_recall": 0.732824427480916, "eval_micro_f1": 0.6959323399113974, "eval_macro_precision": 0.532816153379393, "eval_macro_recall": 0.6087334042108847, "eval_macro_f1": 0.5507544533555249, "eval_runtime": 8.162, "eval_samples_per_second": 122.519, "eval_steps_per_second": 30.63, "epoch": 8.0}}}