{"0": {"valid": {"eval_loss": 0.12945179641246796, "eval_accuracy": 0.0, "eval_micro_precision": 0.8343023255813954, "eval_micro_recall": 0.7735849056603774, "eval_micro_f1": 0.8027972027972029, "eval_macro_precision": 0.7965517821655743, "eval_macro_recall": 0.607886092315562, "eval_macro_f1": 0.6699168520677625, "eval_runtime": 3.915, "eval_samples_per_second": 204.342, "eval_steps_per_second": 51.086, "epoch": 7.5}, "test": {"eval_loss": 0.13444964587688446, "eval_accuracy": 0.0, "eval_micro_precision": 0.7472434266327396, "eval_micro_recall": 0.7472434266327396, "eval_micro_f1": 0.7472434266327396, "eval_macro_precision": 0.603647244613006, "eval_macro_recall": 0.5405000095815453, "eval_macro_f1": 0.5508760138742123, "eval_runtime": 5.0857, "eval_samples_per_second": 196.629, "eval_steps_per_second": 49.157, "epoch": 7.5}}, "1": {"valid": {"eval_loss": 0.1008729562163353, "eval_accuracy": 0.0, "eval_micro_precision": 0.8363095238095238, "eval_micro_recall": 0.7820037105751392, "eval_micro_f1": 0.8082454458293385, "eval_macro_precision": 0.7441966339400751, "eval_macro_recall": 0.6532747173235788, "eval_macro_f1": 0.6814471713271743, "eval_runtime": 3.6282, "eval_samples_per_second": 220.497, "eval_steps_per_second": 55.124, "epoch": 4.0}, "test": {"eval_loss": 0.1275951862335205, "eval_accuracy": 0.0, "eval_micro_precision": 0.7465437788018433, "eval_micro_recall": 0.6870229007633588, "eval_micro_f1": 0.715547703180212, "eval_macro_precision": 0.5850305896634672, "eval_macro_recall": 0.5463227435041865, "eval_macro_f1": 0.5436642357855378, "eval_runtime": 4.3912, "eval_samples_per_second": 227.729, "eval_steps_per_second": 56.932, "epoch": 4.0}}, "2": {"valid": {"eval_loss": 0.12008091062307358, "eval_accuracy": 0.0, "eval_micro_precision": 0.8366954851104706, "eval_micro_recall": 0.783978397839784, "eval_micro_f1": 0.8094795539033456, "eval_macro_precision": 0.7922023762156294, "eval_macro_recall": 0.6573197867858309, "eval_macro_f1": 0.6922827832251844, "eval_runtime": 3.7601, "eval_samples_per_second": 212.758, "eval_steps_per_second": 53.189, "epoch": 7.5}, "test": {"eval_loss": 0.16067276895046234, "eval_accuracy": 0.0, "eval_micro_precision": 0.6987654320987654, "eval_micro_recall": 0.7201017811704835, "eval_micro_f1": 0.7092731829573934, "eval_macro_precision": 0.5621247966299588, "eval_macro_recall": 0.5948525836399065, "eval_macro_f1": 0.5479685020710534, "eval_runtime": 4.6392, "eval_samples_per_second": 215.557, "eval_steps_per_second": 53.889, "epoch": 7.5}}, "3": {"valid": {"eval_loss": 0.11824975907802582, "eval_accuracy": 0.0, "eval_micro_precision": 0.8084507042253521, "eval_micro_recall": 0.7708146821844225, "eval_micro_f1": 0.7891842346471127, "eval_macro_precision": 0.7665958442632916, "eval_macro_recall": 0.6081326291250523, "eval_macro_f1": 0.6468688314100215, "eval_runtime": 3.6893, "eval_samples_per_second": 216.841, "eval_steps_per_second": 54.21, "epoch": 5.5}, "test": {"eval_loss": 0.13826334476470947, "eval_accuracy": 0.0, "eval_micro_precision": 0.7095400340715503, "eval_micro_recall": 0.7065309584393554, "eval_micro_f1": 0.7080322991925201, "eval_macro_precision": 0.5246578174137693, "eval_macro_recall": 0.5433333746768535, "eval_macro_f1": 0.512322452672644, "eval_runtime": 4.5491, "eval_samples_per_second": 219.821, "eval_steps_per_second": 54.955, "epoch": 5.5}}, "4": {"valid": {"eval_loss": 0.12394499778747559, "eval_accuracy": 0.0, "eval_micro_precision": 0.8186180422264875, "eval_micro_recall": 0.7768670309653917, "eval_micro_f1": 0.797196261682243, "eval_macro_precision": 0.7967534286807694, "eval_macro_recall": 0.647747024955986, "eval_macro_f1": 0.690280940909633, "eval_runtime": 3.304, "eval_samples_per_second": 242.13, "eval_steps_per_second": 60.532, "epoch": 6.0}, "test": {"eval_loss": 0.14241816103458405, "eval_accuracy": 0.0, "eval_micro_precision": 0.7186440677966102, "eval_micro_recall": 0.719253604749788, "eval_micro_f1": 0.7189487070792709, "eval_macro_precision": 0.5943712046130081, "eval_macro_recall": 0.5795028117316137, "eval_macro_f1": 0.5540882607885302, "eval_runtime": 4.1265, "eval_samples_per_second": 242.333, "eval_steps_per_second": 60.583, "epoch": 6.0}}}