{"0": {"valid": {"eval_loss": 0.14033706486225128, "eval_accuracy": 0.96475, "eval_micro_precision": 0.8242481203007519, "eval_micro_recall": 0.7879604672057502, "eval_micro_f1": 0.8056959118052366, "eval_macro_precision": 0.7941276941265927, "eval_macro_recall": 0.6363594008676267, "eval_macro_f1": 0.6846950321606009, "eval_runtime": 6.948, "eval_samples_per_second": 115.141, "eval_steps_per_second": 28.785, "epoch": 9.0}, "test": {"eval_loss": 0.15586887300014496, "eval_accuracy": 0.9578666666666666, "eval_micro_precision": 0.7335610589239966, "eval_micro_recall": 0.7285835453774385, "eval_micro_f1": 0.731063829787234, "eval_macro_precision": 0.5556652657648211, "eval_macro_recall": 0.5779993012958607, "eval_macro_f1": 0.5517544456156461, "eval_runtime": 8.349, "eval_samples_per_second": 119.775, "eval_steps_per_second": 29.944, "epoch": 9.0}}, "1": {"valid": {"eval_loss": 0.12136802822351456, "eval_accuracy": 0.968, "eval_micro_precision": 0.8336538461538462, "eval_micro_recall": 0.8042671614100185, "eval_micro_f1": 0.8186968838526912, "eval_macro_precision": 0.8224516801018092, "eval_macro_recall": 0.6497033149049278, "eval_macro_f1": 0.7006458542961292, "eval_runtime": 6.972, "eval_samples_per_second": 114.745, "eval_steps_per_second": 28.686, "epoch": 7.5}, "test": {"eval_loss": 0.151916041970253, "eval_accuracy": 0.9566666666666667, "eval_micro_precision": 0.7298001737619462, "eval_micro_recall": 0.712468193384224, "eval_micro_f1": 0.721030042918455, "eval_macro_precision": 0.6291557103924641, "eval_macro_recall": 0.5280799835782193, "eval_macro_f1": 0.546103390662365, "eval_runtime": 8.634, "eval_samples_per_second": 115.821, "eval_steps_per_second": 28.955, "epoch": 7.5}}, "2": {"valid": {"eval_loss": 0.12303999811410904, "eval_accuracy": 0.9654166666666667, "eval_micro_precision": 0.83984375, "eval_micro_recall": 0.774077407740774, "eval_micro_f1": 0.8056206088992973, "eval_macro_precision": 0.8391222921750991, "eval_macro_recall": 0.5938443967576512, "eval_macro_f1": 0.6562397380455777, "eval_runtime": 6.847, "eval_samples_per_second": 116.84, "eval_steps_per_second": 29.21, "epoch": 8.0}, "test": {"eval_loss": 0.16165076196193695, "eval_accuracy": 0.9549333333333333, "eval_micro_precision": 0.7147736976942783, "eval_micro_recall": 0.7099236641221374, "eval_micro_f1": 0.7123404255319149, "eval_macro_precision": 0.5518242939336812, "eval_macro_recall": 0.5558984260298199, "eval_macro_f1": 0.5363370549171769, "eval_runtime": 8.721, "eval_samples_per_second": 114.666, "eval_steps_per_second": 28.666, "epoch": 8.0}}}