{"0": {"valid": {"eval_loss": 0.11492130160331726, "eval_accuracy": 0.9634166666666667, "eval_micro_precision": 0.846382556987116, "eval_micro_recall": 0.7504393673110721, "eval_micro_f1": 0.7955286446204006, "eval_macro_precision": 0.8399370553710455, "eval_macro_recall": 0.5937004242753094, "eval_macro_f1": 0.6685035239180607, "eval_runtime": 6.93, "eval_samples_per_second": 115.44, "eval_steps_per_second": 28.86, "epoch": 5.5}, "test": {"eval_loss": 0.11561984568834305, "eval_accuracy": 0.9672, "eval_micro_precision": 0.8102926337033299, "eval_micro_recall": 0.7253839205058717, "eval_micro_f1": 0.765490943755958, "eval_macro_precision": 0.5217530755696103, "eval_macro_recall": 0.43129135289424547, "eval_macro_f1": 0.4450161182559198, "eval_runtime": 8.275, "eval_samples_per_second": 120.846, "eval_steps_per_second": 30.211, "epoch": 5.5}}, "1": {"valid": {"eval_loss": 0.12030622363090515, "eval_accuracy": 0.9644166666666667, "eval_micro_precision": 0.846, "eval_micro_recall": 0.7560321715817694, "eval_micro_f1": 0.7984898537045776, "eval_macro_precision": 0.8196629831584162, "eval_macro_recall": 0.6135824223584919, "eval_macro_f1": 0.681916335567877, "eval_runtime": 6.6, "eval_samples_per_second": 121.212, "eval_steps_per_second": 30.303, "epoch": 5.5}, "test": {"eval_loss": 0.11525022238492966, "eval_accuracy": 0.9661333333333333, "eval_micro_precision": 0.8059244126659857, "eval_micro_recall": 0.7127371273712737, "eval_micro_f1": 0.7564717162032598, "eval_macro_precision": 0.5331705217733969, "eval_macro_recall": 0.4203266685104758, "eval_macro_f1": 0.420143949020245, "eval_runtime": 8.016, "eval_samples_per_second": 124.75, "eval_steps_per_second": 31.188, "epoch": 5.5}}, "2": {"valid": {"eval_loss": 0.13246814906597137, "eval_accuracy": 0.9638333333333333, "eval_micro_precision": 0.8142726440988106, "eval_micro_recall": 0.7939339875111507, "eval_micro_f1": 0.8039747064137309, "eval_macro_precision": 0.7709807818009388, "eval_macro_recall": 0.7165132708897052, "eval_macro_f1": 0.7387117981132665, "eval_runtime": 7.107, "eval_samples_per_second": 112.565, "eval_steps_per_second": 28.141, "epoch": 8.0}, "test": {"eval_loss": 0.14266659319400787, "eval_accuracy": 0.9658666666666667, "eval_micro_precision": 0.7925270403146509, "eval_micro_recall": 0.7280939476061428, "eval_micro_f1": 0.7589453860640301, "eval_macro_precision": 0.6199207860187629, "eval_macro_recall": 0.528832389770396, "eval_macro_f1": 0.5075789019752764, "eval_runtime": 8.7064, "eval_samples_per_second": 114.857, "eval_steps_per_second": 28.714, "epoch": 8.0}}, "3": {"valid": {"eval_loss": 0.15576869249343872, "eval_accuracy": 0.964, "eval_micro_precision": 0.8096135721017907, "eval_micro_recall": 0.7887970615243343, "eval_micro_f1": 0.7990697674418604, "eval_macro_precision": 0.786463814194787, "eval_macro_recall": 0.7052606947543096, "eval_macro_f1": 0.7283047501982796, "eval_runtime": 7.031, "eval_samples_per_second": 113.782, "eval_steps_per_second": 28.445, "epoch": 11.0}, "test": {"eval_loss": 0.16585561633110046, "eval_accuracy": 0.9629333333333333, "eval_micro_precision": 0.7636363636363637, "eval_micro_recall": 0.7208672086720868, "eval_micro_f1": 0.741635687732342, "eval_macro_precision": 0.5554873415643561, "eval_macro_recall": 0.5563171199256332, "eval_macro_f1": 0.48805923360577713, "eval_runtime": 8.1989, "eval_samples_per_second": 121.968, "eval_steps_per_second": 30.492, "epoch": 11.0}}, "4": {"valid": {"eval_loss": 0.14372697472572327, "eval_accuracy": 0.96225, "eval_micro_precision": 0.8250728862973761, "eval_micro_recall": 0.7566844919786097, "eval_micro_f1": 0.7894002789400278, "eval_macro_precision": 0.7559034372967461, "eval_macro_recall": 0.5995029563003247, "eval_macro_f1": 0.6542000418604037, "eval_runtime": 8.1547, "eval_samples_per_second": 98.103, "eval_steps_per_second": 24.526, "epoch": 8.0}, "test": {"eval_loss": 0.13443595170974731, "eval_accuracy": 0.9666, "eval_micro_precision": 0.7976424361493124, "eval_micro_recall": 0.7335140018066847, "eval_micro_f1": 0.764235294117647, "eval_macro_precision": 0.5217572611473775, "eval_macro_recall": 0.4828014080248335, "eval_macro_f1": 0.46307120694063414, "eval_runtime": 10.3878, "eval_samples_per_second": 96.267, "eval_steps_per_second": 24.067, "epoch": 8.0}}}