{"1": {"valid": {"eval_loss": 0.13242222368717194, "eval_accuracy": 0.0, "eval_micro_precision": 0.8036036036036036, "eval_micro_recall": 0.7971403038427167, "eval_micro_f1": 0.8003589053387169, "eval_macro_precision": 0.7435124900833998, "eval_macro_recall": 0.6538324884585787, "eval_macro_f1": 0.6793707987693417, "eval_runtime": 6.826, "eval_samples_per_second": 117.199, "eval_steps_per_second": 29.3, "epoch": 6.5}, "test": {"eval_loss": 0.131592258810997, "eval_accuracy": 0.0, "eval_micro_precision": 0.7835249042145593, "eval_micro_recall": 0.7389340560072267, "eval_micro_f1": 0.7605764760576477, "eval_macro_precision": 0.5068512150194953, "eval_macro_recall": 0.48546759106792586, "eval_macro_f1": 0.4568183777545801, "eval_runtime": 8.433, "eval_samples_per_second": 118.582, "eval_steps_per_second": 29.645, "epoch": 6.5}}, "2": {"valid": {"eval_loss": 0.13579332828521729, "eval_accuracy": 0.0, "eval_micro_precision": 0.8025134649910234, "eval_micro_recall": 0.7975022301516503, "eval_micro_f1": 0.8000000000000002, "eval_macro_precision": 0.7610261718893306, "eval_macro_recall": 0.7313694880732781, "eval_macro_f1": 0.7370096163889567, "eval_runtime": 7.041, "eval_samples_per_second": 113.62, "eval_steps_per_second": 28.405, "epoch": 8.0}, "test": {"eval_loss": 0.1566658914089203, "eval_accuracy": 0.0, "eval_micro_precision": 0.751434034416826, "eval_micro_recall": 0.7100271002710027, "eval_micro_f1": 0.730143985137018, "eval_macro_precision": 0.5194018800675148, "eval_macro_recall": 0.5693983291678806, "eval_macro_f1": 0.4835695423327872, "eval_runtime": 8.569, "eval_samples_per_second": 116.7, "eval_steps_per_second": 29.175, "epoch": 8.0}}, "3": {"valid": {"eval_loss": 0.1299869865179062, "eval_accuracy": 0.0, "eval_micro_precision": 0.8113026819923371, "eval_micro_recall": 0.7777777777777778, "eval_micro_f1": 0.7941865916549461, "eval_macro_precision": 0.8054173668113875, "eval_macro_recall": 0.6604058895309725, "eval_macro_f1": 0.7135245298785101, "eval_runtime": 7.142, "eval_samples_per_second": 112.014, "eval_steps_per_second": 28.003, "epoch": 7.0}, "test": {"eval_loss": 0.12624697387218475, "eval_accuracy": 0.0, "eval_micro_precision": 0.7874762808349146, "eval_micro_recall": 0.7497741644083108, "eval_micro_f1": 0.7681628875520593, "eval_macro_precision": 0.539972784673946, "eval_macro_recall": 0.528231902375074, "eval_macro_f1": 0.48641199368391863, "eval_runtime": 8.453, "eval_samples_per_second": 118.301, "eval_steps_per_second": 29.575, "epoch": 7.0}}, "4": {"valid": {"eval_loss": 0.13397715985774994, "eval_accuracy": 0.0, "eval_micro_precision": 0.7991150442477876, "eval_micro_recall": 0.8048128342245989, "eval_micro_f1": 0.8019538188277087, "eval_macro_precision": 0.7287337214812106, "eval_macro_recall": 0.7053022279854383, "eval_macro_f1": 0.7093044407789045, "eval_runtime": 7.303, "eval_samples_per_second": 109.544, "eval_steps_per_second": 27.386, "epoch": 7.5}, "test": {"eval_loss": 0.1407625675201416, "eval_accuracy": 0.0, "eval_micro_precision": 0.7722117202268431, "eval_micro_recall": 0.7380307136404698, "eval_micro_f1": 0.7547344110854503, "eval_macro_precision": 0.5358438149312771, "eval_macro_recall": 0.5340613842983231, "eval_macro_f1": 0.48734357512034415, "eval_runtime": 9.076, "eval_samples_per_second": 110.181, "eval_steps_per_second": 27.545, "epoch": 7.5}}}