{"0": {"valid": {"eval_loss": 0.13989455997943878, "eval_accuracy": 0.0, "eval_micro_precision": 0.8137687555163283, "eval_micro_recall": 0.8101933216168717, "eval_micro_f1": 0.8119771025979745, "eval_macro_precision": 0.7290257185198786, "eval_macro_recall": 0.7123200931980542, "eval_macro_f1": 0.71570065019476, "eval_runtime": 3.3491, "eval_samples_per_second": 238.867, "eval_steps_per_second": 59.717, "epoch": 8.5}, "test": {"eval_loss": 0.15623414516448975, "eval_accuracy": 0.0, "eval_micro_precision": 0.7574906367041199, "eval_micro_recall": 0.7308039747064138, "eval_micro_f1": 0.7439080459770115, "eval_macro_precision": 0.5144397757071298, "eval_macro_recall": 0.568432524432523, "eval_macro_f1": 0.503889400894637, "eval_runtime": 4.145, "eval_samples_per_second": 241.252, "eval_steps_per_second": 60.313, "epoch": 8.5}}, "1": {"valid": {"eval_loss": 0.1455177366733551, "eval_accuracy": 0.0, "eval_micro_precision": 0.7965217391304348, "eval_micro_recall": 0.8185880250223414, "eval_micro_f1": 0.8074041427941825, "eval_macro_precision": 0.7530806711604833, "eval_macro_recall": 0.7015079366179149, "eval_macro_f1": 0.7185632449017905, "eval_runtime": 3.7236, "eval_samples_per_second": 214.848, "eval_steps_per_second": 53.712, "epoch": 9.0}, "test": {"eval_loss": 0.16166022419929504, "eval_accuracy": 0.0, "eval_micro_precision": 0.7551020408163265, "eval_micro_recall": 0.7353206865401988, "eval_micro_f1": 0.7450800915331808, "eval_macro_precision": 0.5228600505226805, "eval_macro_recall": 0.5594937972314604, "eval_macro_f1": 0.49905202146048777, "eval_runtime": 4.6161, "eval_samples_per_second": 216.635, "eval_steps_per_second": 54.159, "epoch": 9.0}}, "2": {"valid": {"eval_loss": 0.11791699379682541, "eval_accuracy": 0.0, "eval_micro_precision": 0.8041516245487365, "eval_micro_recall": 0.7948260481712757, "eval_micro_f1": 0.7994616419919246, "eval_macro_precision": 0.7513540947485466, "eval_macro_recall": 0.7211846413820641, "eval_macro_f1": 0.7273577442223012, "eval_runtime": 3.7059, "eval_samples_per_second": 215.872, "eval_steps_per_second": 53.968, "epoch": 6.0}, "test": {"eval_loss": 0.1335962861776352, "eval_accuracy": 0.0, "eval_micro_precision": 0.7555762081784386, "eval_micro_recall": 0.7344173441734417, "eval_micro_f1": 0.7448465414567109, "eval_macro_precision": 0.5622614918215006, "eval_macro_recall": 0.5971989248812462, "eval_macro_f1": 0.5244911763207348, "eval_runtime": 4.7403, "eval_samples_per_second": 210.957, "eval_steps_per_second": 52.739, "epoch": 6.0}}, "3": {"valid": {"eval_loss": 0.11269421875476837, "eval_accuracy": 0.0, "eval_micro_precision": 0.8340122199592668, "eval_micro_recall": 0.7520661157024794, "eval_micro_f1": 0.7909222597778852, "eval_macro_precision": 0.8451273088923356, "eval_macro_recall": 0.5829716376311563, "eval_macro_f1": 0.6381815720209844, "eval_runtime": 3.3852, "eval_samples_per_second": 236.324, "eval_steps_per_second": 59.081, "epoch": 4.0}, "test": {"eval_loss": 0.11155522614717484, "eval_accuracy": 0.0, "eval_micro_precision": 0.8022088353413654, "eval_micro_recall": 0.7217705510388437, "eval_micro_f1": 0.7598668568711364, "eval_macro_precision": 0.5148822708876261, "eval_macro_recall": 0.4761809497794977, "eval_macro_f1": 0.45808014391490226, "eval_runtime": 4.1812, "eval_samples_per_second": 239.168, "eval_steps_per_second": 59.792, "epoch": 4.0}}, "4": {"valid": {"eval_loss": 0.12804163992404938, "eval_accuracy": 0.0, "eval_micro_precision": 0.8123249299719888, "eval_micro_recall": 0.7754010695187166, "eval_micro_f1": 0.7934336525307797, "eval_macro_precision": 0.8066871975137898, "eval_macro_recall": 0.6579732347539113, "eval_macro_f1": 0.7080499306095815, "eval_runtime": 3.4765, "eval_samples_per_second": 230.116, "eval_steps_per_second": 57.529, "epoch": 6.5}, "test": {"eval_loss": 0.13973680138587952, "eval_accuracy": 0.0, "eval_micro_precision": 0.7667304015296367, "eval_micro_recall": 0.7244805781391147, "eval_micro_f1": 0.7450069670227589, "eval_macro_precision": 0.5387206104449643, "eval_macro_recall": 0.4947569989728213, "eval_macro_f1": 0.4596339623257791, "eval_runtime": 4.2752, "eval_samples_per_second": 233.909, "eval_steps_per_second": 58.477, "epoch": 6.5}}}