{"0": {"valid": {"eval_loss": 0.12287195026874542, "eval_accuracy": 0.0, "eval_micro_precision": 0.8103616813294232, "eval_micro_recall": 0.7880228136882129, "eval_micro_f1": 0.7990361445783133, "eval_macro_precision": 0.7074741680883169, "eval_macro_recall": 0.6689293168546796, "eval_macro_f1": 0.6782638439648881, "eval_runtime": 6.988, "eval_samples_per_second": 114.482, "eval_steps_per_second": 28.62, "epoch": 7.0}, "test": {"eval_loss": 0.16969101130962372, "eval_accuracy": 0.0, "eval_micro_precision": 0.7630402384500745, "eval_micro_recall": 0.7066942719116632, "eval_micro_f1": 0.7337871730562523, "eval_macro_precision": 0.6767798944514225, "eval_macro_recall": 0.6353522547412668, "eval_macro_f1": 0.6375376483366589, "eval_runtime": 8.096, "eval_samples_per_second": 123.518, "eval_steps_per_second": 30.879, "epoch": 7.0}}, "1": {"valid": {"eval_loss": 0.11867496371269226, "eval_accuracy": 0.0, "eval_micro_precision": 0.8081791626095424, "eval_micro_recall": 0.7965451055662188, "eval_micro_f1": 0.8023199613339778, "eval_macro_precision": 0.7465499736917907, "eval_macro_recall": 0.6579553816712597, "eval_macro_f1": 0.6837915631875215, "eval_runtime": 6.645, "eval_samples_per_second": 120.391, "eval_steps_per_second": 30.098, "epoch": 7.0}, "test": {"eval_loss": 0.154535174369812, "eval_accuracy": 0.0, "eval_micro_precision": 0.767337807606264, "eval_micro_recall": 0.7101449275362319, "eval_micro_f1": 0.7376344086021507, "eval_macro_precision": 0.6918198522771419, "eval_macro_recall": 0.607488650530801, "eval_macro_f1": 0.6243519910363172, "eval_runtime": 8.142, "eval_samples_per_second": 122.819, "eval_steps_per_second": 30.705, "epoch": 7.0}}, "2": {"valid": {"eval_loss": 0.13414981961250305, "eval_accuracy": 0.0, "eval_micro_precision": 0.8048076923076923, "eval_micro_recall": 0.8017241379310345, "eval_micro_f1": 0.8032629558541268, "eval_macro_precision": 0.7537936264361812, "eval_macro_recall": 0.7409399964471355, "eval_macro_f1": 0.7412850326479975, "eval_runtime": 6.919, "eval_samples_per_second": 115.624, "eval_steps_per_second": 28.906, "epoch": 9.5}, "test": {"eval_loss": 0.16905733942985535, "eval_accuracy": 0.0, "eval_micro_precision": 0.7714285714285715, "eval_micro_recall": 0.7267080745341615, "eval_micro_f1": 0.7484008528784648, "eval_macro_precision": 0.6581032513640191, "eval_macro_recall": 0.6481210235179318, "eval_macro_f1": 0.6364755486561243, "eval_runtime": 8.304, "eval_samples_per_second": 120.424, "eval_steps_per_second": 30.106, "epoch": 9.5}}, "3": {"valid": {"eval_loss": 0.11421371251344681, "eval_accuracy": 0.0, "eval_micro_precision": 0.834375, "eval_micro_recall": 0.7528195488721805, "eval_micro_f1": 0.7915019762845851, "eval_macro_precision": 0.735612701663986, "eval_macro_recall": 0.5908729591127837, "eval_macro_f1": 0.6432848794064269, "eval_runtime": 6.744, "eval_samples_per_second": 118.624, "eval_steps_per_second": 29.656, "epoch": 4.0}, "test": {"eval_loss": 0.15318185091018677, "eval_accuracy": 0.0, "eval_micro_precision": 0.8135444151275286, "eval_micro_recall": 0.6383712905452036, "eval_micro_f1": 0.7153905645784996, "eval_macro_precision": 0.6603183345872893, "eval_macro_recall": 0.5140139474720532, "eval_macro_f1": 0.5408883979590635, "eval_runtime": 8.08, "eval_samples_per_second": 123.762, "eval_steps_per_second": 30.941, "epoch": 4.0}}, "4": {"valid": {"eval_loss": 0.11430245637893677, "eval_accuracy": 0.0, "eval_micro_precision": 0.8259935553168636, "eval_micro_recall": 0.7358851674641148, "eval_micro_f1": 0.77834008097166, "eval_macro_precision": 0.8062970948608694, "eval_macro_recall": 0.5366401434156177, "eval_macro_f1": 0.6162155995345943, "eval_runtime": 7.105, "eval_samples_per_second": 112.597, "eval_steps_per_second": 28.149, "epoch": 4.5}, "test": {"eval_loss": 0.15220890939235687, "eval_accuracy": 0.0, "eval_micro_precision": 0.8013876843018214, "eval_micro_recall": 0.6376811594202898, "eval_micro_f1": 0.7102229054573406, "eval_macro_precision": 0.7058353296868751, "eval_macro_recall": 0.47799459827914925, "eval_macro_f1": 0.5380416045211558, "eval_runtime": 8.258, "eval_samples_per_second": 121.095, "eval_steps_per_second": 30.274, "epoch": 4.5}}}