{"0": {"valid": {"eval_loss": 0.1327410340309143, "eval_accuracy": 0.0, "eval_micro_precision": 0.8238805970149253, "eval_micro_recall": 0.7870722433460076, "eval_micro_f1": 0.8050559066601846, "eval_macro_precision": 0.7218811010363009, "eval_macro_recall": 0.660062715104388, "eval_macro_f1": 0.6830389625230765, "eval_runtime": 3.3753, "eval_samples_per_second": 237.019, "eval_steps_per_second": 59.255, "epoch": 9.5}, "test": {"eval_loss": 0.18407495319843292, "eval_accuracy": 0.0, "eval_micro_precision": 0.7792207792207793, "eval_micro_recall": 0.7039337474120083, "eval_micro_f1": 0.7396664249456127, "eval_macro_precision": 0.707577271736449, "eval_macro_recall": 0.6232970307768733, "eval_macro_f1": 0.6370375234407072, "eval_runtime": 4.2092, "eval_samples_per_second": 237.577, "eval_steps_per_second": 59.394, "epoch": 9.5}}, "1": {"valid": {"eval_loss": 0.10937988013029099, "eval_accuracy": 0.0, "eval_micro_precision": 0.8307533539731682, "eval_micro_recall": 0.772552783109405, "eval_micro_f1": 0.8005967180507211, "eval_macro_precision": 0.8109194723199933, "eval_macro_recall": 0.5937031721843058, "eval_macro_f1": 0.6647238061840014, "eval_runtime": 3.3497, "eval_samples_per_second": 238.83, "eval_steps_per_second": 59.707, "epoch": 5.0}, "test": {"eval_loss": 0.1530711054801941, "eval_accuracy": 0.0, "eval_micro_precision": 0.7845528455284553, "eval_micro_recall": 0.665976535541753, "eval_micro_f1": 0.7204180664427026, "eval_macro_precision": 0.7373103560866837, "eval_macro_recall": 0.5159941073259635, "eval_macro_f1": 0.5685700909626514, "eval_runtime": 4.2346, "eval_samples_per_second": 236.149, "eval_steps_per_second": 59.037, "epoch": 5.0}}, "2": {"valid": {"eval_loss": 0.11305972933769226, "eval_accuracy": 0.0, "eval_micro_precision": 0.8166160081053698, "eval_micro_recall": 0.7720306513409961, "eval_micro_f1": 0.79369768586903, "eval_macro_precision": 0.7654954694642954, "eval_macro_recall": 0.6275092166037642, "eval_macro_f1": 0.6782462514010721, "eval_runtime": 3.4473, "eval_samples_per_second": 232.064, "eval_steps_per_second": 58.016, "epoch": 5.5}, "test": {"eval_loss": 0.15782813727855682, "eval_accuracy": 0.0, "eval_micro_precision": 0.7987910189982729, "eval_micro_recall": 0.6383712905452036, "eval_micro_f1": 0.7096279248177982, "eval_macro_precision": 0.6873526823719509, "eval_macro_recall": 0.4949196017492558, "eval_macro_f1": 0.5379433241379101, "eval_runtime": 4.2873, "eval_samples_per_second": 233.249, "eval_steps_per_second": 58.312, "epoch": 5.5}}, "3": {"valid": {"eval_loss": 0.1131763905286789, "eval_accuracy": 0.0, "eval_micro_precision": 0.8244734202607823, "eval_micro_recall": 0.7725563909774437, "eval_micro_f1": 0.7976710334788937, "eval_macro_precision": 0.7539568726385103, "eval_macro_recall": 0.6286469818341519, "eval_macro_f1": 0.6747046234513623, "eval_runtime": 3.3684, "eval_samples_per_second": 237.499, "eval_steps_per_second": 59.375, "epoch": 5.5}, "test": {"eval_loss": 0.15210750699043274, "eval_accuracy": 0.0, "eval_micro_precision": 0.8037225042301185, "eval_micro_recall": 0.655624568668047, "eval_micro_f1": 0.7221588749524896, "eval_macro_precision": 0.7350294751585509, "eval_macro_recall": 0.5394557293342014, "eval_macro_f1": 0.5880761933712046, "eval_runtime": 4.2363, "eval_samples_per_second": 236.053, "eval_steps_per_second": 59.013, "epoch": 5.5}}, "4": {"valid": {"eval_loss": 0.11168017983436584, "eval_accuracy": 0.0, "eval_micro_precision": 0.8273615635179153, "eval_micro_recall": 0.7291866028708134, "eval_micro_f1": 0.775178026449644, "eval_macro_precision": 0.7034762956035749, "eval_macro_recall": 0.5231909612961123, "eval_macro_f1": 0.5819266542432172, "eval_runtime": 3.3613, "eval_samples_per_second": 238.004, "eval_steps_per_second": 59.501, "epoch": 3.5}, "test": {"eval_loss": 0.15434136986732483, "eval_accuracy": 0.0, "eval_micro_precision": 0.8027397260273973, "eval_micro_recall": 0.6066252587991718, "eval_micro_f1": 0.6910377358490566, "eval_macro_precision": 0.5880481377639811, "eval_macro_recall": 0.4544599759716856, "eval_macro_f1": 0.48021543664042726, "eval_runtime": 4.2586, "eval_samples_per_second": 234.82, "eval_steps_per_second": 58.705, "epoch": 3.5}}}