{"4": {"valid": {"eval_loss": 0.13846859335899353, "eval_accuracy": 0.9645, "eval_micro_precision": 0.8154943934760448, "eval_micro_recall": 0.7655502392344498, "eval_micro_f1": 0.7897334649555774, "eval_macro_precision": 0.7249211641448259, "eval_macro_recall": 0.6215907497355256, "eval_macro_f1": 0.6510727762911597, "eval_runtime": 6.846, "eval_samples_per_second": 116.857, "eval_steps_per_second": 29.214, "epoch": 8.0}, "test": {"eval_loss": 0.1721319854259491, "eval_accuracy": 0.9513333333333334, "eval_micro_precision": 0.7793317793317793, "eval_micro_recall": 0.6922015182884748, "eval_micro_f1": 0.7331871345029239, "eval_macro_precision": 0.6929010436917257, "eval_macro_recall": 0.6027281600934117, "eval_macro_f1": 0.6117246282588333, "eval_runtime": 8.696, "eval_samples_per_second": 114.995, "eval_steps_per_second": 28.749, "epoch": 8.0}}}